Event,Particle,Energy(keV),PosX(cm),PosY(cm),PosZ(cm),Time(ns)
0,gamma,0.08365,-85.2047,58.2013,4.46087,56.1736
0,gamma,0.39222,-85.0904,58.3367,4.66416,56.1827
0,gamma,0.3763,-85.1265,58.3666,4.72894,56.1854
0,e-,0.03558,-85.1265,58.3666,4.72894,56.1854
0,e-,0.05607,-85.1265,58.3666,4.72894,56.1854
0,e-,0.0328,-85.1265,58.3666,4.72894,56.1854
0,e-,0.03916,-85.1265,58.3666,4.72894,56.1854
0,e-,0.01332,-85.1265,58.3666,4.72894,56.1854
0,e-,0.03558,-85.1265,58.3666,4.72894,56.1854
0,e-,0.0328,-85.1265,58.3666,4.72894,56.1854
0,e-,0.09542,-85.1265,58.3666,4.72894,56.1854
0,e-,0.03558,-85.1265,58.3666,4.72894,56.1854
0,e-,0.03659,-85.1265,58.3666,4.72894,56.1854
0,e-,0.12936,-85.1265,58.3666,4.72894,56.1854
0,e-,0.03638,-85.1265,58.3666,4.72894,56.1854
0,e-,0.00943898,-85.1265,58.3666,4.72894,56.1854
0,e-,0.185111,-85.1265,58.3666,4.72894,56.1854
0,e-,0.03638,-85.1265,58.3666,4.72894,56.1854
0,e-,0.0328,-85.1265,58.3666,4.72894,56.1854
0,e-,0.000237257,-85.1265,58.3666,4.72894,56.1854
0,e-,0.167513,-85.1265,58.3666,4.72894,56.1854
0,e-,0.35765,-85.1265,58.3666,4.72894,56.1854
0,e-,0.28866,-85.1265,58.3666,4.72894,56.1854
0,e-,0.126771,-85.1265,58.3666,4.72894,56.1854
0,e-,0.106859,-85.1265,58.3666,4.72894,56.1854
0,e-,0.03306,-85.1265,58.3666,4.72894,56.1854
0,e-,1.19979,-85.1265,58.3666,4.72894,56.1854
0,e-,0.0544053,-85.1265,58.3666,4.72894,56.1854
0,e-,2.20568,-85.1265,58.3666,4.72894,56.1854
0,e-,0.0315673,-85.1265,58.3666,4.72894,56.1854
0,e-,9.18113,-85.1265,58.3666,4.72894,56.1854
0,gamma,0.43427,-85.1382,58.3753,4.76818,56.1868
0,e-,0.0328,-85.1382,58.3753,4.76818,56.1868
0,e-,0.03558,-85.1382,58.3753,4.76818,56.1868
0,e-,0.05607,-85.1382,58.3753,4.76818,56.1868
0,e-,0.03414,-85.1382,58.3753,4.76818,56.1868
0,e-,0.0982,-85.1382,58.3753,4.76818,56.1868
0,e-,0.09575,-85.1382,58.3753,4.76818,56.1868
0,e-,0.03414,-85.1382,58.3753,4.76818,56.1868
0,e-,0.01087,-85.1382,58.3753,4.76818,56.1868
0,e-,0.13438,-85.1382,58.3753,4.76818,56.1868
0,e-,0.0982,-85.1382,58.3753,4.76818,56.1868
0,e-,0.11687,-85.1382,58.3753,4.76818,56.1868
0,e-,0.29368,-85.1382,58.3753,4.76818,56.1868
0,e-,0.0493171,-85.1382,58.3753,4.76818,56.1868
0,e-,1.97985,-85.1382,58.3753,4.76818,56.1868
0,e-,0.35288,-85.1382,58.3753,4.76818,56.1868
0,e-,1.62126,-85.1382,58.3753,4.76819,56.1868
0,e-,33.8601,-85.138,58.3753,4.76821,56.1868
0,e-,33.7006,-85.1381,58.3753,4.76823,56.1868
0,e-,3.90147,-85.1265,58.3666,4.72921,56.1854
0,e-,34.2476,-85.1266,58.366,4.72948,56.1854
0,e-,39.3251,-85.1267,58.3664,4.72947,56.1855
0,e-,46.6579,-85.1267,58.3663,4.72969,56.1855
0,e-,49.3142,-85.1267,58.3662,4.7296,56.1855
0,e-,16.9113,-85.1267,58.3662,4.72961,56.1855
0,e-,0.09575,-85.0904,58.3367,4.66416,56.1827
0,e-,0.09542,-85.0904,58.3367,4.66416,56.1827
0,e-,0.05607,-85.0904,58.3367,4.66416,56.1827
0,e-,0.05329,-85.0904,58.3367,4.66416,56.1827
0,e-,0.09542,-85.0904,58.3367,4.66416,56.1827
0,e-,0.13438,-85.0904,58.3367,4.66416,56.1827
0,e-,0.01332,-85.0904,58.3367,4.66416,56.1827
0,e-,0.01332,-85.0904,58.3367,4.66416,56.1827
0,e-,0.424762,-85.0904,58.3367,4.66416,56.1827
0,e-,1.58167,-85.0904,58.3367,4.66416,56.1827
0,e-,0.09297,-85.0904,58.3367,4.66416,56.1827
0,gamma,0.1236,-85.0906,58.3366,4.66411,56.1827
0,e-,0.09575,-85.0906,58.3366,4.66411,56.1827
0,e-,0.23865,-85.0906,58.3366,4.66411,56.1827
0,e-,0.193,-85.0906,58.3366,4.66411,56.1827
0,e-,0.0452114,-85.0906,58.3366,4.66411,56.1827
0,e-,1.74545,-85.0906,58.3366,4.66411,56.1827
0,e-,0.0682658,-85.0904,58.3367,4.66416,56.1827
0,e-,0.733294,-85.0904,58.3367,4.66416,56.1827
0,e-,0.0413821,-85.0904,58.3367,4.66416,56.1827
0,e-,0.765408,-85.0904,58.3367,4.66416,56.1827
0,e-,8.1524,-85.0904,58.3367,4.66416,56.1827
0,e-,3.28913,-85.0904,58.3367,4.66416,56.1827
0,e-,0.05607,-85.2047,58.2013,4.46087,56.1736
0,e-,0.01311,-85.2047,58.2013,4.46087,56.1736
0,e-,13.7429,-85.2059,58.2012,4.46103,56.1737
0,e-,91.1142,-85.2083,58.2013,4.46057,56.1738
0,e-,9.62391,-85.2078,58.2017,4.46112,56.1738
0,e-,40.396,-85.2073,58.2017,4.46133,56.1738
0,e-,43.703,-85.2073,58.2019,4.46117,56.1739
0,e-,50.2034,-85.2074,58.2019,4.46109,56.1739
0,e-,26.3148,-85.2074,58.2019,4.46111,56.1739
0,e-,0.02708,-85.1981,58.2236,4.46111,56.1746
0,e-,2.28862,-85.1981,58.2236,4.46111,56.1746
0,gamma,0.37943,-85.1996,58.2262,4.46208,56.1747
0,e-,0.05329,-85.1996,58.2262,4.46208,56.1747
0,e-,0.09575,-85.1996,58.2262,4.46208,56.1747
0,e-,0.09575,-85.1996,58.2262,4.46208,56.1747
0,e-,0.09575,-85.1996,58.2262,4.46208,56.1747
0,e-,0.01087,-85.1996,58.2262,4.46208,56.1747
0,e-,0.23865,-85.1996,58.2262,4.46208,56.1747
0,e-,0.0328,-85.1996,58.2262,4.46208,56.1747
0,e-,0.11687,-85.1996,58.2262,4.46208,56.1747
0,e-,1.9287,-85.1996,58.2262,4.46208,56.1747
0,e-,0.03414,-85.1996,58.2262,4.46208,56.1747
0,e-,0.15311,-85.1996,58.2262,4.46208,56.1747
0,e-,0.30983,-85.1996,58.2262,4.46208,56.1747
0,e-,0.31206,-85.1996,58.2262,4.46208,56.1747
0,e-,0.0190449,-85.1996,58.2263,4.46208,56.1747
0,e-,8.78026,-85.1996,58.2263,4.46208,56.1747
0,gamma,0.19763,-85.1961,58.2242,4.46426,56.1747
0,e-,0.0328,-85.1961,58.2242,4.46426,56.1747
0,e-,0.00809,-85.1961,58.2242,4.46426,56.1747
0,e-,0.09297,-85.1961,58.2242,4.46426,56.1747
0,e-,0.0982,-85.1961,58.2242,4.46426,56.1747
0,e-,0.23865,-85.1961,58.2242,4.46426,56.1747
0,e-,0.13438,-85.1961,58.2242,4.46426,56.1747
0,e-,0.0200958,-85.1961,58.2242,4.46426,56.1747
0,e-,1.72688,-85.1961,58.2243,4.46426,56.1747
0,gamma,0.18028,-85.1956,58.2226,4.46409,56.1748
0,e-,0.09542,-85.1956,58.2226,4.46409,56.1748
0,e-,0.0982,-85.1956,58.2226,4.46409,56.1748
0,e-,0.05607,-85.1956,58.2226,4.46409,56.1748
0,e-,0.12915,-85.1956,58.2226,4.46409,56.1748
0,e-,0.0506834,-85.1956,58.2226,4.46409,56.1748
0,e-,0.159197,-85.1956,58.2226,4.46409,56.1748
0,e-,0.487422,-85.1956,58.2226,4.46409,56.1748
0,e-,11.3999,-85.1956,58.2226,4.46409,56.1748
0,e-,1.72272,-85.1961,58.2242,4.4643,56.1747
0,e-,56.1103,-85.1961,58.2242,4.46439,56.1747
0,e-,7.41283,-85.198,58.2238,4.46115,56.1746
0,e-,70.9371,-85.1981,58.2241,4.46123,56.1746
0,e-,64.5792,-85.1981,58.2241,4.46132,56.1747
0,Pb206,16.7283,-85.1939,58.4954,4.36702,56.1633
0,Pb208,0.949655,78.1601,68.8229,67.2684,182.532
0,Pb206,19.8302,-84.3792,56.6935,4.81715,62.2616
0,Pb208,20.4378,-81.725,59.0329,7.17153,59.3592
0,Pb208,3.27933,-84.3076,58.842,4.43256,56.8081
0,Pb208,29.4273,-85.2498,59.0627,9.012,53.7467
0,Pb208,1.14906,-84.7095,56.8596,7.95162,52.4644
0,Pb208,3.1783,-84.3276,56.3192,7.55405,52.0675
1,Pb206,2.72629,41.291,-93.9577,-95.1657,71.6666
5,gamma,0.05484,85.8955,-56.6623,24.7054,64.1651
5,gamma,0.04727,85.8316,-56.7745,24.839,64.1713
5,e-,0.0328,85.8316,-56.7745,24.839,64.1713
5,e-,0.0328,85.8316,-56.7745,24.839,64.1713
5,e-,0.09575,85.8316,-56.7745,24.839,64.1713
5,e-,0.0982,85.8316,-56.7745,24.839,64.1713
5,e-,0.05607,85.8316,-56.7745,24.839,64.1713
5,e-,0.03136,85.8316,-56.7745,24.839,64.1713
5,e-,0.03414,85.8316,-56.7745,24.839,64.1713
5,e-,2.75375,85.8316,-56.7745,24.839,64.1713
5,e-,0.15377,85.8316,-56.7745,24.839,64.1713
5,e-,0.201966,85.8316,-56.7745,24.839,64.1713
5,e-,0.144924,85.8316,-56.7745,24.839,64.1713
5,e-,0.193373,85.8315,-56.7745,24.839,64.1713
5,e-,11.0958,85.8315,-56.7745,24.839,64.1713
5,gamma,0.59443,85.8308,-56.7731,24.8329,64.1715
5,e-,0.05607,85.8308,-56.7731,24.8329,64.1715
5,e-,0.05607,85.8308,-56.7731,24.8329,64.1715
5,e-,0.01087,85.8308,-56.7731,24.8329,64.1715
5,e-,0.00809,85.8308,-56.7731,24.8329,64.1715
5,e-,0.0328,85.8308,-56.7731,24.8329,64.1715
5,e-,0.11687,85.8308,-56.7731,24.8329,64.1715
5,e-,0.0328,85.8308,-56.7731,24.8329,64.1715
5,e-,0.0328,85.8308,-56.7731,24.8329,64.1715
5,e-,0.05607,85.8308,-56.7731,24.8329,64.1715
5,e-,0.09019,85.8308,-56.7731,24.8329,64.1715
5,e-,1.98887,85.8308,-56.7731,24.8329,64.1715
5,e-,0.09575,85.8308,-56.7731,24.8329,64.1715
5,e-,0.03659,85.8308,-56.7731,24.8329,64.1715
5,e-,0.03414,85.8308,-56.7731,24.8329,64.1715
5,e-,0.0161,85.8308,-56.7731,24.8329,64.1715
5,e-,0.0436026,85.8308,-56.7731,24.8329,64.1715
5,e-,0.374187,85.8308,-56.7731,24.8329,64.1715
5,e-,2.75375,85.8308,-56.7731,24.8329,64.1715
5,e-,0.0680701,85.8308,-56.7731,24.8329,64.1715
5,e-,2.22578,85.8308,-56.7731,24.8329,64.1715
5,e-,0.079931,85.8308,-56.7731,24.8329,64.1715
5,e-,6.85087,85.8308,-56.7731,24.8329,64.1715
5,e-,0.0219506,85.8308,-56.7731,24.8329,64.1715
5,e-,0.190349,85.8308,-56.7731,24.8329,64.1715
5,e-,1.13163,85.8308,-56.773,24.8328,64.1715
5,e-,48.2126,85.8308,-56.773,24.8328,64.1715
5,e-,7.82778,85.8308,-56.773,24.8328,64.1715
5,e-,15.7087,85.8309,-56.7753,24.8397,64.1714
5,e-,95.1522,85.8294,-56.7765,24.8404,64.1714
5,e-,53.0761,85.8297,-56.7759,24.8391,64.1715
5,e-,257.228,85.8298,-56.777,24.8395,64.1715
5,e-,38.0362,85.8298,-56.777,24.8395,64.1715
5,e-,0.05607,85.8955,-56.6623,24.7054,64.1651
5,e-,5.74333,85.8957,-56.6617,24.7058,64.1651
5,e-,118.034,85.8968,-56.6615,24.7048,64.1652
5,e-,47.172,85.8975,-56.6613,24.7045,64.1652
5,e-,53.8809,85.8971,-56.6609,24.7044,64.1653
5,e-,56.3045,85.8974,-56.6607,24.7044,64.1653
5,e-,69.2857,85.8974,-56.6608,24.7045,64.1653
5,Pb207,2.27103,85.9546,-56.7371,24.3583,64.1531
5,Pb206,0.895322,83.5771,-69.7973,15.7731,83.1222
5,Pb208,12.8808,82.2184,-69.3079,16.1967,82.0216
5,Pb206,10.3164,90.3726,-59.3332,15.028,72.6328
5,Pb207,2.65599,90.092,-58.8221,20.9653,68.3252
5,Pb206,0.325921,88.6615,-58.3611,22.3608,66.8475
5,Pb208,6.75678,85.4157,-55.7066,24.9668,63.465
5,Pb208,18.4288,86.1503,-54.2761,28.4229,61.4699
5,Pb208,29.451,85.8429,-53.9984,28.3794,61.2529
5,Pb206,1.14112,91.9982,-52.4813,28.4018,57.9768
5,Pb206,36.9987,93.846,-52.6465,28.6019,57.0112
8,Pb206,0.563011,105.627,6.39852,-18.2365,294.657
8,Pb208,1.15529,100.98,8.50984,-21.1814,291.546
8,Pb208,0.617554,100.339,8.75217,-21.2997,291.179
8,Pb206,0.437949,-77.7729,71.5337,-4.49111,191.115
8,Pb208,1.61724,-80.7627,71.9044,-4.09574,189.511
8,Pb207,36.9403,-81.6863,72.2526,-3.56925,188.92
8,Pb206,16.5621,-77.1811,71.0438,-5.40733,186.301
8,Pb208,0.341547,-74.5942,73.0413,-1.9887,183.842
8,Pb208,1.40005,-73.614,73.9441,-1.02008,182.985
8,Pb208,1.24547,-73.047,74.2658,-0.0382359,182.372
8,Pb207,2.08389,-71.1282,73.9122,3.45252,180.292
8,Pb206,19.6343,-70.3515,71.8417,7.68419,177.812
8,Pb208,37.5274,96.1803,-33.0299,-80.365,66.3685
0,Pb208,1.32948,100.436,10.9884,-48.3346,61.1294
0,Pb208,21.2013,103.663,10.7581,-42.2598,57.5852
4,gamma,0.23163,-108.472,-4.59621,34.4199,198.221
4,gamma,0.02603,-108.212,-5.06514,34.5888,198.24
4,gamma,0.24817,-108.228,-5.11147,34.5831,198.241
4,e-,0.03734,-108.373,-5.00281,34.822,198.251
4,e-,0.09542,-108.373,-5.00281,34.822,198.251
4,e-,0.15377,-108.373,-5.00281,34.822,198.251
4,e-,1.92347,-108.373,-5.00281,34.822,198.251
4,gamma,0.1517,-108.373,-5.00284,34.822,198.251
4,e-,0.07681,-108.373,-5.00284,34.822,198.251
4,e-,0.01332,-108.373,-5.00284,34.822,198.251
4,e-,0.09575,-108.373,-5.00284,34.822,198.251
4,e-,0.0276652,-108.373,-5.00284,34.822,198.251
4,e-,2.38796,-108.373,-5.00284,34.822,198.251
4,e-,0.016217,-108.373,-5.00284,34.822,198.251
4,e-,0.790573,-108.373,-5.00284,34.822,198.251
4,e-,0.0265405,-108.373,-5.00284,34.822,198.251
4,e-,6.96446,-108.373,-5.00284,34.822,198.251
4,gamma,0.23954,-108.344,-4.99632,34.7811,198.253
4,e-,0.03558,-108.344,-4.99632,34.7811,198.253
4,e-,0.05329,-108.344,-4.99632,34.7811,198.253
4,e-,0.03659,-108.344,-4.99632,34.7811,198.253
4,e-,0.01332,-108.344,-4.99632,34.7811,198.253
4,e-,0.0982,-108.344,-4.99632,34.7811,198.253
4,e-,0.279799,-108.344,-4.99632,34.7811,198.253
4,e-,1.90312,-108.344,-4.99632,34.7811,198.253
4,e-,0.41256,-108.344,-4.99632,34.7811,198.253
4,e-,2.48523,-108.344,-4.99635,34.7811,198.253
4,e-,40.0858,-108.344,-4.99647,34.7811,198.253
4,e-,29.607,-108.344,-4.99646,34.7811,198.253
4,e-,2.30027,-108.373,-5.00286,34.8221,198.252
4,e-,52.0248,-108.373,-5.00304,34.8222,198.252
4,e-,58.0743,-108.373,-5.00309,34.8221,198.252
4,e-,0.0328,-108.228,-5.11147,34.5831,198.241
4,e-,0.03558,-108.228,-5.11147,34.5831,198.241
4,e-,0.03414,-108.228,-5.11147,34.5831,198.241
4,e-,0.03659,-108.228,-5.11147,34.5831,198.241
4,e-,0.11164,-108.228,-5.11147,34.5831,198.241
4,e-,0.05329,-108.228,-5.11147,34.5831,198.241
4,e-,0.0405219,-108.228,-5.11147,34.5831,198.241
4,e-,0.152478,-108.228,-5.11147,34.5831,198.241
4,e-,0.13151,-108.228,-5.11147,34.5831,198.241
4,e-,5.87146,-108.228,-5.11145,34.5833,198.242
4,e-,51.1329,-108.229,-5.11106,34.5835,198.242
4,e-,53.2346,-108.229,-5.11108,34.5833,198.242
4,e-,44.5204,-108.229,-5.11096,34.5833,198.242
4,e-,27.2236,-108.229,-5.11096,34.5833,198.242
4,e-,3.40876,-108.212,-5.0651,34.5889,198.24
4,e-,48.5147,-108.212,-5.06481,34.5892,198.24
4,e-,49.9887,-108.212,-5.06493,34.5894,198.24
4,e-,54.2515,-108.212,-5.06487,34.5894,198.24
4,e-,1.66563,-108.212,-5.06487,34.5894,198.24
4,e-,0.03558,-108.472,-4.59621,34.4199,198.221
4,e-,0.0328,-108.472,-4.59621,34.4199,198.221
4,e-,0.09297,-108.472,-4.59621,34.4199,198.221
4,e-,0.06705,-108.472,-4.59621,34.4199,198.221
4,e-,0.03937,-108.472,-4.59621,34.4199,198.221
4,e-,0.17704,-108.472,-4.59621,34.4199,198.221
4,e-,0.0558337,-108.472,-4.59621,34.4199,198.221
4,e-,0.436236,-108.472,-4.59621,34.4199,198.221
4,e-,0.023871,-108.472,-4.59621,34.4199,198.221
4,e-,1.29662,-108.472,-4.59621,34.4199,198.221
4,e-,11.6373,-108.472,-4.59621,34.4202,198.221
4,e-,51.2705,-108.473,-4.59606,34.4203,198.221
4,e-,48.6119,-108.473,-4.5957,34.4208,198.221
4,e-,51.0887,-108.473,-4.59584,34.4204,198.221
4,e-,41.1473,-108.473,-4.59564,34.4204,198.221
4,e-,55.73,-108.473,-4.59567,34.4204,198.221
4,gamma,0.08365,-107.672,-6.48866,31.6086,198.318
4,gamma,0.1069,-107.803,-6.44588,31.5358,198.323
4,gamma,0.02603,-107.799,-6.44737,31.5725,198.324
4,e-,0.75076,-107.8,-6.45057,31.5702,198.324
4,e-,1.56494,-107.8,-6.45057,31.5702,198.324
4,gamma,0.23123,-107.801,-6.45028,31.5702,198.324
4,e-,0.03558,-107.801,-6.45028,31.5702,198.324
4,e-,0.04656,-107.801,-6.45028,31.5702,198.324
4,e-,0.09575,-107.801,-6.45028,31.5702,198.324
4,e-,0.0161,-107.801,-6.45028,31.5702,198.324
4,e-,0.03414,-107.801,-6.45028,31.5702,198.324
4,e-,0.0136528,-107.801,-6.45028,31.5702,198.324
4,e-,2.2802,-107.801,-6.45028,31.5702,198.324
4,e-,0.0278851,-107.801,-6.45028,31.5702,198.324
4,e-,0.778905,-107.801,-6.45028,31.5702,198.324
4,e-,0.0705814,-107.801,-6.45028,31.5702,198.324
4,e-,9.02572,-107.801,-6.45028,31.5702,198.324
4,gamma,0.30369,-107.847,-6.47101,31.5354,198.326
4,e-,0.09542,-107.847,-6.47101,31.5354,198.326
4,e-,0.09575,-107.847,-6.47101,31.5354,198.326
4,e-,0.10098,-107.847,-6.47101,31.5354,198.326
4,e-,0.25616,-107.847,-6.47101,31.5354,198.326
4,e-,0.71386,-107.847,-6.47101,31.5354,198.326
4,e-,0.05885,-107.847,-6.47101,31.5354,198.326
4,gamma,0.025,-107.847,-6.47102,31.5355,198.326
4,e-,2.41666,-107.847,-6.47102,31.5355,198.326
4,e-,1.28275,-107.847,-6.47101,31.5354,198.326
4,e-,0.01332,-107.847,-6.47101,31.5354,198.326
4,e-,0.293086,-107.847,-6.47101,31.5354,198.326
4,e-,9.76851,-107.847,-6.47101,31.5354,198.326
4,e-,0.44296,-107.847,-6.47101,31.5354,198.326
4,e-,1.49624,-107.847,-6.47103,31.5354,198.326
4,e-,55.6758,-107.847,-6.47107,31.5353,198.326
4,e-,0.415412,-107.8,-6.45057,31.5702,198.324
4,e-,17.704,-107.8,-6.45057,31.5702,198.324
4,e-,1.49854,-107.799,-6.44737,31.5725,198.324
4,e-,49.2748,-107.799,-6.44737,31.5726,198.324
4,e-,0.09297,-107.803,-6.44588,31.5358,198.323
4,e-,0.09575,-107.803,-6.44588,31.5358,198.323
4,e-,0.00318626,-107.803,-6.44588,31.5358,198.323
4,e-,0.113684,-107.803,-6.44588,31.5358,198.323
4,e-,2.0128,-107.803,-6.44588,31.5357,198.323
4,e-,47.4154,-107.803,-6.44577,31.5354,198.323
4,e-,51.2558,-107.804,-6.44572,31.5354,198.323
4,e-,24.0354,-107.804,-6.44574,31.5354,198.323
4,e-,0.05329,-107.672,-6.48866,31.6086,198.318
4,e-,0.01589,-107.672,-6.48866,31.6086,198.318
4,e-,10.1352,-107.672,-6.48903,31.6079,198.318
4,e-,63.5836,-107.671,-6.48918,31.6065,198.318
4,e-,82.9175,-107.672,-6.48887,31.6059,198.318
4,e-,63.9704,-107.672,-6.48842,31.6053,198.318
4,e-,25.681,-107.672,-6.48821,31.6049,198.318
4,e-,105.352,-107.672,-6.48825,31.6046,198.318
4,e-,29.8458,-107.672,-6.48824,31.6046,198.318
4,Pb206,2.6391,-108.431,-4.40951,34.0574,198.207
4,Pb207,29.392,74.1512,67.1888,14.6767,95.8325
4,Pb208,27.6118,8.89322,101.122,-22.7874,53.2723
5,Pb208,28.031,57.662,83.1949,-28.764,53.8829
6,Pb206,1.7666,-66.9991,-79.1506,70.6378,72.2171
6,Pb208,28.6977,-66.0633,-82.0875,69.7791,70.5474
6,Pb206,21.7513,-68.4111,-81.347,73.7355,68.1354
6,Pb208,21.2559,-71.0844,-81.3898,71.6492,66.3897
7,Pb208,3.57996,-22.8268,99.3864,-1.59696,52.3342
7,Pb204,24.8064,-22.9135,99.4103,-1.74596,52.2445
8,gamma,0.35507,43.0915,-96.1151,12.3859,54.4886
8,gamma,0.28878,43.1841,-96.48,12.1637,54.5031
8,e-,0.05329,43.1841,-96.48,12.1637,54.5031
8,e-,0.05607,43.1841,-96.48,12.1637,54.5031
8,e-,0.00809,43.1841,-96.48,12.1637,54.5031
8,e-,0.83286,43.1841,-96.48,12.1637,54.5031
8,e-,0.0982,43.1841,-96.48,12.1637,54.5031
8,e-,0.01332,43.1841,-96.48,12.1637,54.5031
8,e-,0.0377901,43.1841,-96.48,12.1637,54.5031
8,e-,1.42668,43.1841,-96.48,12.1637,54.5031
8,e-,2.28862,43.1841,-96.48,12.1637,54.5031
8,e-,0.358762,43.1841,-96.48,12.1637,54.5031
8,e-,10.4045,43.1841,-96.48,12.1637,54.5031
8,e-,6.25664,43.1847,-96.4797,12.1632,54.5032
8,e-,79.4151,43.1856,-96.4792,12.1619,54.5032
8,e-,76.6829,43.1856,-96.4803,12.1616,54.5033
8,e-,31.8842,43.1858,-96.4796,12.1614,54.5033
8,e-,28.4476,43.1861,-96.4793,12.1619,54.5034
8,e-,39.5136,43.186,-96.4788,12.162,54.5034
8,e-,49.9253,43.1859,-96.4791,12.1622,54.5034
8,e-,32.8766,43.1859,-96.4789,12.1622,54.5034
8,e-,43.9482,43.1859,-96.4789,12.1621,54.5034
8,e-,0.0328,43.0915,-96.1151,12.3859,54.4886
8,e-,0.05607,43.0915,-96.1151,12.3859,54.4886
8,e-,0.03414,43.0915,-96.1151,12.3859,54.4886
8,e-,0.09575,43.0915,-96.1151,12.3859,54.4886
8,e-,0.09019,43.0915,-96.1151,12.3859,54.4886
8,e-,0.05607,43.0915,-96.1151,12.3859,54.4886
8,e-,0.030795,43.0915,-96.1151,12.3859,54.4886
8,e-,0.122975,43.0915,-96.1151,12.3859,54.4886
8,e-,0.11687,43.0915,-96.1151,12.3859,54.4886
8,e-,0.00947868,43.0915,-96.1151,12.3859,54.4886
8,e-,0.101421,43.0915,-96.1151,12.3859,54.4886
8,e-,0.0982,43.0915,-96.1151,12.3859,54.4886
8,e-,0.057336,43.0915,-96.1151,12.3859,54.4886
8,e-,1.38487,43.0915,-96.1151,12.3859,54.4886
8,e-,0.0212277,43.0915,-96.1151,12.3859,54.4886
8,e-,0.391332,43.0915,-96.1151,12.3859,54.4886
8,e-,13.0405,43.0906,-96.1153,12.3857,54.4886
8,e-,110.966,43.0894,-96.1164,12.3857,54.4887
8,e-,50.6126,43.0897,-96.1157,12.385,54.4887
8,e-,38.8235,43.0901,-96.1153,12.3855,54.4887
8,e-,40.5647,43.0898,-96.1157,12.3853,54.4888
8,e-,46.5176,43.0896,-96.1155,12.385,54.4888
8,e-,43.0952,43.0897,-96.1156,12.3849,54.4888
8,e-,51.5582,43.0897,-96.1156,12.3849,54.4888
8,Pb206,7.72031,46.6256,-94.3838,13.5924,54.3513
8,Pb207,1.91455,48.5558,-95.1519,13.0232,56.7764
8,Pb206,15.3493,47.4005,-95.4543,11.9996,55.7246
9,Pb207,3.03967,29.4542,101.067,98.9953,73.9935
10,e-,0.07668,-101.058,0.76848,-8.1833,51.8324
10,e-,0.09297,-101.058,0.76848,-8.1833,51.8324
10,e-,0.0370209,-101.058,0.768481,-8.1833,51.8324
10,e-,2.25683,-101.058,0.768481,-8.1833,51.8324
10,e-,0.128676,-101.058,0.768483,-8.1833,51.8324
10,e-,10.1688,-101.058,0.768487,-8.18331,51.8324
10,gamma,0.1079,-101.063,0.752826,-8.17243,51.833
10,e-,0.09575,-101.063,0.752826,-8.17243,51.833
10,e-,0.0982,-101.063,0.752825,-8.17243,51.833
10,e-,2.18815,-101.063,0.752826,-8.17243,51.833
10,gamma,0.19155,-101.063,0.751809,-8.1722,51.8331
10,e-,0.09575,-101.063,0.751809,-8.1722,51.8331
10,e-,0.09542,-101.063,0.751809,-8.1722,51.8331
10,e-,0.0982,-101.063,0.751809,-8.1722,51.8331
10,e-,0.23865,-101.063,0.751809,-8.1722,51.8331
10,e-,0.12915,-101.063,0.751809,-8.1722,51.8331
10,e-,0.0695499,-101.063,0.751809,-8.1722,51.8331
10,e-,1.57173,-101.063,0.751809,-8.1722,51.8331
10,e-,1.06687,-101.063,0.751808,-8.1722,51.8331
10,e-,6.99413,-101.063,0.751809,-8.1722,51.8331
10,e-,5.41198,-101.063,0.752775,-8.17244,51.833
10,e-,56.797,-101.063,0.752705,-8.17242,51.833
10,e-,28.4101,-101.059,0.767008,-8.18196,51.8324
10,e-,77.3958,-101.056,0.764123,-8.18142,51.8326
10,e-,102.38,-101.059,0.763547,-8.18001,51.8327
10,e-,8.81273,-101.059,0.763033,-8.17963,51.8327
10,e-,45.3187,-101.059,0.76258,-8.17973,51.8327
10,e-,30.2474,-101.059,0.762848,-8.17982,51.8328
10,e-,42.585,-101.059,0.762712,-8.17986,51.8328
10,e-,45.3417,-101.059,0.762694,-8.17982,51.8328
10,gamma,0.0022,-100.944,0.724422,-8.20273,51.8368
10,e-,0.03558,-100.944,0.724422,-8.20273,51.8368
10,e-,0.0751,-100.944,0.724422,-8.20273,51.8368
10,e-,0.09542,-100.944,0.724422,-8.20273,51.8368
10,e-,0.03659,-100.944,0.724422,-8.20273,51.8368
10,e-,0.0328,-100.944,0.724422,-8.20273,51.8368
10,e-,0.0161,-100.944,0.724422,-8.20273,51.8368
10,e-,0.0371794,-100.944,0.724422,-8.20273,51.8368
10,e-,2.25144,-100.944,0.724422,-8.20273,51.8368
10,e-,0.423738,-100.944,0.724421,-8.20273,51.8368
10,e-,2.51719,-100.944,0.724421,-8.20273,51.8368
10,e-,0.139842,-100.944,0.724422,-8.20273,51.8368
10,e-,0.661718,-100.944,0.724422,-8.20273,51.8368
10,e-,0.739568,-100.944,0.724422,-8.20273,51.8368
10,e-,5.69653,-100.944,0.724424,-8.20273,51.8368
10,gamma,0.4464,-100.958,0.724909,-8.22959,51.8378
10,e-,0.04656,-100.958,0.724909,-8.22959,51.8378
10,e-,0.03558,-100.958,0.724909,-8.22959,51.8378
10,e-,0.01627,-100.958,0.724909,-8.22959,51.8378
10,e-,0.03414,-100.958,0.724909,-8.22959,51.8378
10,e-,0.09297,-100.958,0.724909,-8.22959,51.8378
10,e-,0.05329,-100.958,0.724909,-8.22959,51.8378
10,e-,0.0161,-100.958,0.724909,-8.22959,51.8378
10,e-,0.09297,-100.958,0.724909,-8.22959,51.8378
10,e-,0.018016,-100.958,0.724909,-8.22959,51.8378
10,e-,2.17536,-100.958,0.724909,-8.22959,51.8378
10,e-,0.03558,-100.958,0.724909,-8.22959,51.8378
10,e-,0.17128,-100.958,0.724909,-8.22959,51.8378
10,e-,0.09297,-100.958,0.724909,-8.22959,51.8378
10,e-,0.0162331,-100.958,0.724909,-8.22959,51.8378
10,e-,0.401557,-100.958,0.724909,-8.22959,51.8378
10,e-,2.07183,-100.958,0.724909,-8.22959,51.8378
10,e-,0.0161145,-100.958,0.724909,-8.22959,51.8378
10,e-,0.605776,-100.958,0.724909,-8.22959,51.8378
10,e-,0.0127038,-100.958,0.724911,-8.22959,51.8378
10,e-,9.4153,-100.958,0.724915,-8.22959,51.8378
10,e-,1.20944,-100.958,0.724877,-8.22959,51.8378
10,e-,58.1736,-100.958,0.724839,-8.22959,51.8378
10,e-,4.02007,-100.944,0.724759,-8.20301,51.8368
10,e-,59.8924,-100.945,0.725451,-8.20267,51.8369
10,e-,58.2117,-100.945,0.724893,-8.2026,51.8369
10,e-,31.1354,-100.945,0.724893,-8.20241,51.8369
10,e-,34.2612,-100.945,0.724981,-8.20224,51.8369
10,e-,56.5664,-100.945,0.724919,-8.20217,51.8369
10,e-,2.4996,-100.945,0.724919,-8.20217,51.8369
10,gamma,0.4713,-100.732,1.69167,-7.85463,51.8235
10,e-,0.05607,-100.732,1.69167,-7.85463,51.8235
10,e-,0.01332,-100.732,1.69167,-7.85463,51.8235
10,e-,0.05607,-100.732,1.69167,-7.85463,51.8235
10,e-,0.0328,-100.732,1.69167,-7.85463,51.8235
10,e-,0.09297,-100.732,1.69167,-7.85463,51.8235
10,e-,0.09542,-100.732,1.69167,-7.85463,51.8235
10,e-,0.23342,-100.732,1.69167,-7.85463,51.8235
10,e-,0.01087,-100.732,1.69167,-7.85463,51.8235
10,e-,0.03414,-100.732,1.69167,-7.85463,51.8235
10,e-,0.09542,-100.732,1.69167,-7.85463,51.8235
10,e-,0.10098,-100.732,1.69167,-7.85463,51.8235
10,e-,0.000453617,-100.732,1.69167,-7.85463,51.8235
10,e-,0.111186,-100.732,1.69167,-7.85463,51.8235
10,e-,0.11687,-100.732,1.69167,-7.85463,51.8235
10,e-,0.12915,-100.732,1.69167,-7.85463,51.8235
10,e-,1.74698,-100.732,1.69167,-7.85463,51.8235
10,e-,1.74698,-100.732,1.69167,-7.85463,51.8235
10,e-,0.0232732,-100.732,1.69167,-7.85463,51.8235
10,e-,10.0383,-100.732,1.69167,-7.85463,51.8235
10,e-,4.82191,-100.732,1.69099,-7.85434,51.8236
10,e-,67.3273,-100.733,1.68972,-7.85385,51.8236
10,e-,50.3998,-100.732,1.68906,-7.85377,51.8237
10,e-,45.554,-100.732,1.68867,-7.85315,51.8237
10,e-,46.2307,-100.731,1.689,-7.85311,51.8237
10,e-,45.2752,-100.731,1.68926,-7.85335,51.8237
10,e-,40.7328,-100.731,1.68924,-7.85328,51.8238
10,e-,47.3522,-100.731,1.68921,-7.85334,51.8238
10,Pb206,18.7472,-100.788,1.62252,-8.55348,51.8
11,Pb208,2.73145,100.406,-4.42193,-12.632,60.4551
11,Pb206,0.490293,101.114,-3.76448,-13.739,59.69
11,Pb208,0.0876887,103.061,-0.241425,-17.7281,56.7343
11,Pb208,36.0754,103.83,0.891301,-18.9068,55.7909
11,Pb207,3.27665,102.87,0.19479,-18.4114,55.1268
11,Pb208,6.06948,101.576,-0.969759,-15.7941,53.5039
11,Pb208,26.5451,102.035,-1.77967,-14.8256,52.8113
11,Pb208,0.341024,101.117,-1.59252,-14.7251,52.33
12,gamma,0.13849,68.1274,-81.9977,-82.5268,68.7557
12,gamma,0.02881,68.0257,-84.7336,-82.028,68.8485
12,gamma,0.31203,68.026,-84.728,-82.0141,68.849
12,e-,0.05607,68.026,-84.728,-82.0141,68.849
12,e-,0.09297,68.026,-84.728,-82.0141,68.849
12,e-,0.0161,68.026,-84.728,-82.0141,68.849
12,e-,0.0328,68.026,-84.728,-82.0141,68.849
12,e-,0.11164,68.026,-84.728,-82.0141,68.849
12,e-,0.04512,68.026,-84.728,-82.0141,68.849
12,e-,0.09542,68.026,-84.728,-82.0141,68.849
12,e-,1.09457,68.026,-84.728,-82.0141,68.849
12,e-,0.953133,68.026,-84.728,-82.0141,68.849
12,e-,2.18815,68.026,-84.728,-82.0141,68.849
12,gamma,0.28912,68.0248,-84.7288,-82.0137,68.8491
12,e-,0.0328,68.0248,-84.7288,-82.0137,68.8491
12,e-,0.0328,68.0248,-84.7288,-82.0137,68.8491
12,e-,0.03558,68.0248,-84.7288,-82.0137,68.8491
12,e-,0.03638,68.0248,-84.7288,-82.0137,68.8491
12,e-,0.09799,68.0248,-84.7288,-82.0137,68.8491
12,e-,0.0584,68.0248,-84.7288,-82.0137,68.8491
12,e-,0.63625,68.0248,-84.7288,-82.0137,68.8491
12,e-,0.69786,68.0248,-84.7288,-82.0137,68.8491
12,e-,1.56494,68.0248,-84.7288,-82.0137,68.8491
12,e-,0.07788,68.0248,-84.7288,-82.0137,68.8491
12,e-,0.192346,68.0248,-84.7288,-82.0137,68.8491
12,e-,6.79865,68.0248,-84.7288,-82.0137,68.8491
12,e-,0.318,68.026,-84.728,-82.0141,68.849
12,e-,9.32121,68.0263,-84.7278,-82.0136,68.8491
12,e-,28.0183,68.0275,-84.7279,-82.0132,68.8491
12,e-,63.4808,68.0268,-84.7274,-82.0138,68.8492
12,e-,33.5845,68.0264,-84.7274,-82.0144,68.8492
12,e-,55.4917,68.0262,-84.7278,-82.0145,68.8492
12,e-,51.0895,68.026,-84.7279,-82.0143,68.8492
12,e-,71.1707,68.026,-84.7278,-82.0143,68.8492
12,e-,39.1252,68.0274,-84.7376,-82.0267,68.8487
12,e-,203.597,68.0306,-84.7438,-82.0254,68.8489
12,e-,119.096,68.0258,-84.7452,-82.0275,68.8491
12,e-,111.295,68.0215,-84.7452,-82.0284,68.8493
12,e-,101.101,68.0181,-84.7449,-82.0296,68.8494
12,e-,72.6347,68.0186,-84.7441,-82.0323,68.8495
12,e-,87.1722,68.0202,-84.7426,-82.0332,68.8496
12,e-,156.827,68.0212,-84.7415,-82.0322,68.8497
12,e-,57.137,68.0205,-84.7419,-82.0325,68.8497
12,e-,49.1211,68.0206,-84.7419,-82.033,68.8498
12,e-,35.1466,68.0209,-84.7421,-82.0332,68.8498
12,e-,36.2589,68.0209,-84.7421,-82.033,68.8498
12,e-,39.7438,68.021,-84.7422,-82.033,68.8498
12,e-,23.1765,68.021,-84.7422,-82.033,68.8498
12,e-,0.05607,68.1274,-81.9977,-82.5268,68.7557
12,e-,0.00809,68.1274,-81.9977,-82.5268,68.7557
12,e-,0.0982,68.1274,-81.9977,-82.5268,68.7557
12,e-,0.11164,68.1274,-81.9977,-82.5268,68.7557
12,e-,0.011271,68.1274,-81.9977,-82.5268,68.7557
12,e-,6.89222,68.1274,-81.9977,-82.5268,68.7557
12,Pb206,4.63776,68.0907,-79.5295,-82.9077,68.6724
12,Pb206,7.98138,54.5518,-91.7844,-74.8722,88.9041
12,Pb208,19.8281,68.5646,-79.2798,-82.7773,68.3887
13,Pb208,5.996,-29.3965,97.5949,-18.6935,53.8762
13,Pb208,21.3113,-28.4655,98.1907,-17.7618,53.132
14,Pb208,0.540002,40.5037,101.9,-17.1582,57.3837
14,Pb208,20.2224,39.7138,102.173,-17.0091,56.9455
14,Pb208,0.967274,37.9282,96.5897,-17.8359,53.9148
18,e-,0.09859,63.6473,79.6003,4.42278,67.5077
18,e-,0.03414,63.6473,79.6003,4.42278,67.5077
18,e-,0.17128,63.6473,79.6003,4.42278,67.5077
18,gamma,0.027,63.6473,79.6003,4.42277,67.5077
18,e-,0.0570942,63.6473,79.6003,4.42277,67.5077
18,e-,2.2571,63.6473,79.6003,4.42277,67.5077
18,e-,0.051928,63.6473,79.6003,4.42278,67.5077
18,e-,12.2749,63.6473,79.6003,4.42278,67.5077
18,gamma,0.33054,63.6604,79.5715,4.41767,67.5088
18,e-,0.09575,63.6604,79.5715,4.41767,67.5088
18,e-,0.05607,63.6604,79.5715,4.41767,67.5088
18,e-,0.0982,63.6604,79.5715,4.41767,67.5088
18,e-,0.0328,63.6604,79.5715,4.41767,67.5088
18,e-,0.09575,63.6604,79.5715,4.41767,67.5088
18,e-,0.09297,63.6604,79.5715,4.41767,67.5088
18,e-,0.021768,63.6604,79.5715,4.41767,67.5088
18,e-,0.216882,63.6604,79.5715,4.41767,67.5088
18,e-,0.17128,63.6604,79.5715,4.41767,67.5088
18,e-,0.03414,63.6604,79.5715,4.41767,67.5088
18,e-,0.815797,63.6604,79.5715,4.41767,67.5088
18,e-,1.37758,63.6604,79.5715,4.41767,67.5088
18,e-,1.74698,63.6604,79.5715,4.41767,67.5088
18,e-,0.41779,63.6604,79.5715,4.41767,67.5088
18,e-,0.161169,63.6604,79.5715,4.41768,67.5088
18,e-,9.44053,63.6604,79.5715,4.41768,67.5088
18,e-,0.236055,63.6605,79.5715,4.41768,67.5088
18,e-,53.1718,63.6605,79.5715,4.41763,67.5088
18,e-,4.42519,63.6605,79.5715,4.41762,67.5088
18,e-,40.1347,63.647,79.5999,4.4249,67.5078
18,e-,96.8616,63.6447,79.6013,4.42748,67.5079
18,e-,103.312,63.6426,79.6015,4.42953,67.508
18,e-,80.7436,63.6418,79.5998,4.42825,67.5081
18,e-,88.1732,63.6406,79.6009,4.42893,67.5082
18,e-,57.0864,63.6404,79.6021,4.42894,67.5083
18,e-,69.6817,63.6403,79.6027,4.42951,67.5083
18,e-,54.6688,63.6406,79.603,4.4299,67.5083
18,e-,43.138,63.6403,79.6032,4.42989,67.5083
18,e-,43.588,63.6405,79.6033,4.42993,67.5084
18,e-,37.7006,63.6405,79.6033,4.42989,67.5084
18,Pb206,10.8308,64.1693,79.7253,4.48462,67.4897
18,Pb206,5.50515,77.3397,75.8628,-3.2684,59.2931
18,Pb208,35.2659,78.3017,74.7975,-7.32964,57.0565
18,Pb207,0.874816,76.828,75.4476,-5.91654,55.9551
18,Pb208,19.1296,76.0482,76.2637,-5.00331,55.2068
19,gamma,0.21116,-47.1873,94.2674,5.7527,59.7812
19,gamma,0.18006,-47.4957,95.3863,5.47585,59.821
19,e-,0.0328,-47.4957,95.3863,5.47585,59.821
19,e-,0.0328,-47.4957,95.3863,5.47585,59.821
19,e-,0.05607,-47.4957,95.3863,5.47585,59.821
19,e-,0.04512,-47.4957,95.3863,5.47585,59.821
19,e-,0.0982,-47.4957,95.3863,5.47585,59.821
19,e-,0.05607,-47.4957,95.3863,5.47585,59.821
19,e-,0.03414,-47.4957,95.3863,5.47585,59.821
19,e-,0.01311,-47.4957,95.3863,5.47585,59.821
19,e-,0.11164,-47.4957,95.3863,5.47585,59.821
19,e-,0.15377,-47.4957,95.3863,5.47585,59.821
19,e-,0.06898,-47.4957,95.3863,5.47585,59.821
19,e-,0.0982,-47.4957,95.3863,5.47585,59.821
19,e-,0.11894,-47.4957,95.3863,5.47585,59.821
19,e-,0.0150455,-47.4957,95.3863,5.47585,59.821
19,e-,1.42716,-47.4957,95.3863,5.47585,59.821
19,e-,0.0265487,-47.4957,95.3863,5.47585,59.821
19,e-,0.428681,-47.4957,95.3863,5.47585,59.821
19,e-,0.0232941,-47.4957,95.3863,5.47585,59.821
19,e-,0.389266,-47.4957,95.3863,5.47585,59.821
19,e-,0.0418281,-47.4957,95.3863,5.47585,59.821
19,e-,9.30927,-47.4957,95.3863,5.47585,59.821
19,gamma,0.29036,-47.5157,95.4012,5.47449,59.8219
19,e-,0.05607,-47.5157,95.4012,5.47449,59.8219
19,e-,0.01087,-47.5157,95.4012,5.47449,59.8219
19,e-,0.05607,-47.5157,95.4012,5.47449,59.8219
19,e-,0.23865,-47.5157,95.4012,5.47449,59.8219
19,e-,0.0328,-47.5157,95.4012,5.47449,59.8219
19,e-,0.10673,-47.5157,95.4012,5.47449,59.8219
19,e-,0.1109,-47.5157,95.4012,5.47449,59.8219
19,e-,0.64127,-47.5157,95.4012,5.47449,59.8219
19,e-,0.0416445,-47.5157,95.4012,5.47449,59.8219
19,e-,2.27164,-47.5157,95.4012,5.47448,59.8219
19,e-,0.779752,-47.5158,95.4012,5.47453,59.8219
19,e-,57.533,-47.5158,95.4011,5.47462,59.8219
19,e-,13.0803,-47.5158,95.4011,5.47462,59.8219
19,e-,11.3801,-47.4964,95.387,5.47569,59.8211
19,e-,88.0094,-47.4974,95.3879,5.47419,59.8211
19,e-,52.9359,-47.4967,95.3889,5.47339,59.8212
19,e-,54.9181,-47.4973,95.3889,5.47244,59.8213
19,e-,40.7618,-47.4966,95.3888,5.47279,59.8213
19,e-,65.0095,-47.4971,95.3891,5.47309,59.8213
19,e-,39.7195,-47.4968,95.3893,5.47332,59.8213
19,e-,39.6302,-47.4968,95.3894,5.47348,59.8214
19,e-,53.0878,-47.4968,95.3894,5.47354,59.8214
19,e-,0.06705,-47.1873,94.2674,5.7527,59.7812
19,e-,0.01332,-47.1873,94.2674,5.7527,59.7812
19,e-,0.38039,-47.1873,94.2674,5.7527,59.7812
19,e-,0.16775,-47.1873,94.2674,5.7527,59.7812
19,e-,0.09542,-47.1873,94.2674,5.7527,59.7812
19,e-,0.09467,-47.1873,94.2674,5.7527,59.7812
19,e-,0.0244185,-47.1873,94.2674,5.7527,59.7812
19,e-,1.54052,-47.1873,94.2674,5.7527,59.7812
19,gamma,0.23006,-47.1874,94.2675,5.75265,59.7812
19,e-,0.0328,-47.1874,94.2675,5.75265,59.7812
19,e-,0.09297,-47.1874,94.2675,5.75265,59.7812
19,e-,0.05329,-47.1874,94.2675,5.75265,59.7812
19,e-,0.17704,-47.1874,94.2675,5.75265,59.7812
19,e-,0.09575,-47.1874,94.2675,5.75265,59.7812
19,e-,0.0394903,-47.1874,94.2675,5.75265,59.7812
19,e-,0.19313,-47.1874,94.2675,5.75265,59.7812
19,e-,0.04907,-47.1874,94.2675,5.75265,59.7812
19,e-,2.5964,-47.1875,94.2675,5.75265,59.7812
19,e-,0.044374,-47.1874,94.2675,5.75265,59.7812
19,e-,6.84093,-47.1875,94.2675,5.75265,59.7812
19,e-,15.5071,-47.1869,94.2674,5.7529,59.7812
19,e-,60.9677,-47.1861,94.2675,5.75326,59.7813
19,e-,60.0836,-47.1863,94.268,5.7534,59.7813
19,e-,65.6723,-47.1864,94.2679,5.75318,59.7813
19,e-,54.1985,-47.1864,94.2679,5.75319,59.7813
19,gamma,0.05484,-47.9195,94.2217,5.76779,59.8053
19,e-,0.07388,-48.0874,94.1289,5.79301,59.8117
19,e-,0.0202497,-48.0874,94.1289,5.79301,59.8117
19,e-,0.2184,-48.0874,94.1289,5.79301,59.8117
19,e-,0.0249537,-48.0874,94.1289,5.79301,59.8117
19,e-,2.00422,-48.0874,94.1289,5.79301,59.8117
19,e-,0.0365609,-48.0874,94.1289,5.793,59.8117
19,e-,10.3827,-48.0874,94.1289,5.793,59.8117
19,gamma,0.11674,-48.1025,94.1425,5.82128,59.8129
19,e-,0.03558,-48.1025,94.1425,5.82128,59.8129
19,e-,0.09575,-48.1025,94.1425,5.82128,59.8129
19,e-,0.09542,-48.1025,94.1425,5.82128,59.8129
19,e-,0.17704,-48.1025,94.1425,5.82128,59.8129
19,e-,0.151862,-48.1025,94.1425,5.82128,59.8129
19,e-,1.87731,-48.1025,94.1425,5.82129,59.8129
19,gamma,0.39028,-48.1032,94.1436,5.822,59.8129
19,e-,0.05607,-48.1032,94.1436,5.822,59.8129
19,e-,0.03558,-48.1032,94.1436,5.822,59.8129
19,e-,0.01087,-48.1032,94.1436,5.822,59.8129
19,e-,0.0982,-48.1032,94.1436,5.822,59.8129
19,e-,0.05488,-48.1032,94.1436,5.822,59.8129
19,e-,0.0552818,-48.1032,94.1436,5.822,59.8129
19,e-,0.183368,-48.1032,94.1436,5.822,59.8129
19,e-,0.09575,-48.1032,94.1436,5.822,59.8129
19,e-,0.09542,-48.1032,94.1436,5.822,59.8129
19,e-,0.05854,-48.1032,94.1436,5.822,59.8129
19,e-,0.19484,-48.1032,94.1436,5.822,59.8129
19,e-,0.11378,-48.1032,94.1436,5.822,59.8129
19,e-,1.81492,-48.1032,94.1436,5.822,59.8129
19,e-,0.45517,-48.1032,94.1436,5.822,59.8129
19,e-,0.13037,-48.1032,94.1436,5.822,59.8129
19,e-,0.01368,-48.1032,94.1436,5.822,59.8129
19,e-,0.0633485,-48.1032,94.1436,5.822,59.8129
19,e-,8.73595,-48.1032,94.1436,5.82199,59.8129
19,e-,1.32907,-48.1025,94.1425,5.82133,59.8129
19,e-,45.1011,-48.1024,94.1425,5.8213,59.8129
19,e-,13.6139,-48.1024,94.1425,5.82129,59.8129
19,e-,17.0948,-48.0875,94.1292,5.79376,59.8118
19,e-,73.7623,-48.0876,94.1298,5.79536,59.8118
19,e-,51.4566,-48.0884,94.1292,5.79615,59.8119
19,e-,68.6855,-48.0888,94.1293,5.797,59.8119
19,e-,59.2723,-48.0893,94.1292,5.79721,59.812
19,e-,49.8379,-48.0895,94.1294,5.79745,59.812
19,e-,61.046,-48.0895,94.1293,5.79731,59.812
19,e-,22.6715,-48.0895,94.1293,5.79732,59.812
19,e-,0.05607,-47.9195,94.2217,5.76779,59.8053
19,e-,2.04973,-47.9195,94.2217,5.76778,59.8053
19,e-,43.4413,-47.9196,94.2217,5.76774,59.8053
19,Pb206,7.33216,-47.1893,94.2578,5.748,59.7809
19,Pb208,3.84611,-43.6637,97.2802,6.26549,64.1066
19,Pb208,15.7773,-52.4238,92.7753,12.0559,55.4705
19,Pb208,26.038,-53.1226,92.7516,11.6553,55.0551
20,Pb208,4.28514,107.516,-8.87033,-9.93897,77.3084
20,Pb206,15.3895,105.633,-4.59091,-12.092,74.6067
20,Pb207,5.55878,106.647,-1.40563,-8.68656,72.1121
20,Pb207,2.12205,106.574,-1.38514,-8.14538,71.8269
20,Pb206,3.38767,106.55,-1.4422,-8.02601,71.7567
20,Pb206,0.50057,105.665,-0.829511,-4.51809,69.8452
20,Pb206,0.574418,105.452,-0.438003,-3.61076,69.3183
20,Pb208,0.457298,104.451,0.277222,-1.69176,68.1305
20,Pb208,1.38219,103.24,1.03315,2.21613,65.9626
20,Pb208,36.8811,102.728,1.6568,3.16559,65.3124
20,Pb206,22.7922,109.456,-1.291,-10.0265,57.5213
20,Pb207,3.23047,107.494,-3.72805,-9.86065,55.914
20,Pb208,0.445052,105.213,-4.57323,-9.09837,54.6081
20,Pb208,4.15938,101.652,-6.46069,-7.00086,52.2783
21,gamma,0.45919,-104.499,-10.3018,29.6245,55.9691
21,e-,0.0004,-104.297,-10.166,29.4464,55.9791
21,e-,0.09575,-104.297,-10.166,29.4464,55.9791
21,e-,0.03937,-104.297,-10.166,29.4464,55.9791
21,e-,0.03916,-104.297,-10.166,29.4464,55.9791
21,e-,0.0698534,-104.297,-10.166,29.4464,55.9791
21,e-,2.224,-104.297,-10.166,29.4464,55.9791
21,e-,0.30707,-104.297,-10.166,29.4464,55.9791
21,gamma,0.58053,-104.251,-10.1412,29.4645,55.981
21,e-,0.03558,-104.251,-10.1412,29.4645,55.981
21,e-,0.09575,-104.251,-10.1412,29.4645,55.981
21,e-,0.0982,-104.251,-10.1412,29.4645,55.981
21,e-,0.05607,-104.251,-10.1412,29.4645,55.981
21,e-,0.09542,-104.251,-10.1412,29.4645,55.981
21,e-,0.03916,-104.251,-10.1412,29.4645,55.981
21,e-,0.0982,-104.251,-10.1412,29.4645,55.981
21,e-,0.03558,-104.251,-10.1412,29.4645,55.981
21,e-,0.09575,-104.251,-10.1412,29.4645,55.981
21,e-,0.09575,-104.251,-10.1412,29.4645,55.981
21,e-,0.11164,-104.251,-10.1412,29.4645,55.981
21,e-,0.17128,-104.251,-10.1412,29.4645,55.981
21,e-,0.0166357,-104.251,-10.1412,29.4645,55.981
21,e-,0.112724,-104.251,-10.1412,29.4645,55.981
21,e-,0.09575,-104.251,-10.1412,29.4645,55.981
21,e-,0.39885,-104.251,-10.1412,29.4645,55.981
21,e-,0.0504993,-104.251,-10.1412,29.4645,55.981
21,e-,1.8782,-104.251,-10.1412,29.4645,55.981
21,e-,1.72424,-104.251,-10.1412,29.4645,55.981
21,e-,0.0818104,-104.251,-10.1412,29.4645,55.981
21,e-,1.62508,-104.251,-10.1412,29.4645,55.981
21,e-,0.0141503,-104.251,-10.1412,29.4645,55.981
21,e-,7.94215,-104.251,-10.1412,29.4645,55.981
21,e-,0.318,-104.251,-10.1412,29.4645,55.981
21,e-,0.239961,-104.251,-10.1412,29.4645,55.981
21,e-,34.1231,-104.251,-10.1412,29.4646,55.981
21,e-,35.0054,-104.251,-10.1412,29.4646,55.981
21,e-,8.32062,-104.296,-10.1663,29.4462,55.9792
21,e-,53.2202,-104.295,-10.1672,29.4464,55.9792
21,e-,100.312,-104.294,-10.1677,29.446,55.9793
21,e-,48.5367,-104.294,-10.1676,29.4466,55.9793
21,e-,50.9705,-104.294,-10.1678,29.4469,55.9793
21,e-,45.7073,-104.294,-10.1677,29.447,55.9793
21,e-,59.5884,-104.294,-10.1677,29.4469,55.9793
21,e-,0.0328,-104.499,-10.3018,29.6245,55.9691
21,e-,0.0328,-104.499,-10.3018,29.6245,55.9691
21,e-,0.09575,-104.499,-10.3018,29.6245,55.9691
21,e-,0.0982,-104.499,-10.3018,29.6245,55.9691
21,e-,0.0328,-104.499,-10.3018,29.6245,55.9691
21,e-,0.09575,-104.499,-10.3018,29.6245,55.9691
21,e-,0.03937,-104.499,-10.3018,29.6245,55.9691
21,e-,0.03414,-104.499,-10.3018,29.6245,55.9691
21,e-,0.13438,-104.499,-10.3018,29.6245,55.9691
21,e-,0.03638,-104.499,-10.3018,29.6245,55.9691
21,e-,0.11164,-104.499,-10.3018,29.6245,55.9691
21,e-,0.0328,-104.499,-10.3018,29.6245,55.9691
21,e-,0.17298,-104.499,-10.3018,29.6245,55.9691
21,e-,0.0518839,-104.499,-10.3018,29.6245,55.9691
21,e-,0.138816,-104.499,-10.3018,29.6245,55.9691
21,e-,0.0164204,-104.499,-10.3018,29.6245,55.9691
21,e-,2.19452,-104.499,-10.3018,29.6245,55.9691
21,e-,0.01368,-104.499,-10.3018,29.6245,55.9691
21,gamma,0.19155,-104.499,-10.3021,29.6247,55.9691
21,e-,0.05607,-104.499,-10.3021,29.6247,55.9691
21,e-,0.0328,-104.499,-10.3021,29.6247,55.9691
21,e-,0.0161,-104.499,-10.3021,29.6247,55.9691
21,e-,0.09297,-104.499,-10.3021,29.6247,55.9691
21,e-,0.0262642,-104.499,-10.3021,29.6247,55.9691
21,e-,0.168286,-104.499,-10.3021,29.6247,55.9691
21,e-,0.028183,-104.499,-10.3021,29.6247,55.9691
21,e-,1.87778,-104.499,-10.3021,29.6247,55.9691
21,e-,0.0869359,-104.499,-10.3021,29.6247,55.9691
21,e-,6.63876,-104.499,-10.3021,29.6247,55.9691
21,gamma,0.73158,-104.524,-10.2506,29.7004,55.9722
21,e-,0.0328,-104.524,-10.2506,29.7004,55.9722
21,e-,0.05607,-104.524,-10.2506,29.7004,55.9722
21,e-,0.0982,-104.524,-10.2506,29.7004,55.9722
21,e-,0.09575,-104.524,-10.2506,29.7004,55.9722
21,e-,0.0982,-104.524,-10.2506,29.7004,55.9722
21,e-,0.05607,-104.524,-10.2506,29.7004,55.9722
21,e-,0.01627,-104.524,-10.2506,29.7004,55.9722
21,e-,0.09575,-104.524,-10.2506,29.7004,55.9722
21,e-,0.09297,-104.524,-10.2506,29.7004,55.9722
21,e-,0.01332,-104.524,-10.2506,29.7004,55.9722
21,e-,0.23342,-104.524,-10.2506,29.7004,55.9722
21,e-,0.00084814,-104.524,-10.2506,29.7004,55.9722
21,e-,0.133532,-104.524,-10.2506,29.7004,55.9722
21,e-,0.0161,-104.524,-10.2506,29.7004,55.9722
21,e-,0.0328,-104.524,-10.2506,29.7004,55.9722
21,e-,0.15377,-104.524,-10.2506,29.7004,55.9722
21,e-,0.09575,-104.524,-10.2506,29.7004,55.9722
21,e-,2.18815,-104.524,-10.2506,29.7004,55.9722
21,e-,0.0982,-104.524,-10.2506,29.7004,55.9722
21,e-,0.0609558,-104.524,-10.2506,29.7004,55.9722
21,e-,1.58032,-104.524,-10.2506,29.7004,55.9722
21,e-,0.25338,-104.524,-10.2506,29.7004,55.9722
21,e-,0.13417,-104.524,-10.2506,29.7004,55.9722
21,e-,0.41779,-104.524,-10.2506,29.7004,55.9722
21,e-,0.0206794,-104.524,-10.2506,29.7004,55.9722
21,e-,0.391881,-104.524,-10.2506,29.7004,55.9722
21,e-,0.35781,-104.524,-10.2506,29.7004,55.9722
21,e-,1.16736,-104.524,-10.2506,29.7004,55.9722
21,e-,0.035594,-104.524,-10.2506,29.7004,55.9722
21,e-,6.89521,-104.524,-10.2506,29.7004,55.9722
21,e-,0.0335652,-104.524,-10.2506,29.7004,55.9722
21,e-,0.178735,-104.524,-10.2506,29.7004,55.9722
21,e-,0.63348,-104.524,-10.2505,29.7005,55.9722
21,e-,46.4261,-104.524,-10.2505,29.7005,55.9722
21,e-,12.3235,-104.524,-10.2505,29.7006,55.9722
21,e-,22.1129,-104.499,-10.3014,29.6245,55.9691
21,e-,54.1361,-104.5,-10.3012,29.6245,55.9691
21,e-,49.7604,-104.5,-10.3009,29.6241,55.9692
21,e-,58.5915,-104.5,-10.3012,29.6241,55.9692
21,e-,75.5419,-104.499,-10.3011,29.6241,55.9692
21,gamma,0.10412,-103.753,-13.0275,31.0217,55.8645
21,gamma,0.02603,-103.541,-12.8042,30.9566,55.875
21,gamma,0.11068,-103.601,-12.7699,31.0293,55.8784
21,e-,0.09297,-103.601,-12.7699,31.0293,55.8784
21,e-,0.09297,-103.601,-12.7699,31.0293,55.8784
21,e-,0.0416209,-103.601,-12.7699,31.0293,55.8784
21,e-,2.15176,-103.601,-12.7699,31.0293,55.8784
21,gamma,0.17844,-103.601,-12.7703,31.0292,55.8784
21,e-,0.03558,-103.601,-12.7703,31.0292,55.8784
21,e-,0.03136,-103.601,-12.7703,31.0292,55.8784
21,e-,0.0982,-103.601,-12.7703,31.0292,55.8784
21,e-,0.11164,-103.601,-12.7703,31.0292,55.8784
21,e-,0.19578,-103.601,-12.7703,31.0292,55.8784
21,e-,9.9,-103.601,-12.7703,31.0292,55.8784
21,e-,6.11805,-103.601,-12.77,31.0298,55.8784
21,e-,34.5237,-103.602,-12.7701,31.0306,55.8785
21,e-,55.7453,-103.601,-12.7696,31.0309,55.8785
21,e-,54.0425,-103.602,-12.7698,31.031,55.8785
21,e-,42.9903,-103.601,-12.7699,31.0312,55.8785
21,e-,48.6088,-103.601,-12.77,31.0312,55.8785
21,e-,13.9802,-103.601,-12.77,31.0312,55.8785
21,e-,27.3998,-103.539,-12.8037,30.9558,55.8751
21,e-,130.443,-103.537,-12.8027,30.9546,55.8752
21,e-,69.8876,-103.537,-12.8008,30.9554,55.8753
21,e-,104.219,-103.535,-12.8007,30.9558,55.8754
21,e-,46.5071,-103.536,-12.8006,30.9561,55.8754
21,e-,49.4362,-103.536,-12.8006,30.9564,55.8754
21,e-,48.1582,-103.536,-12.801,30.9567,55.8755
21,e-,49.7824,-103.536,-12.801,30.957,55.8755
21,e-,47.7905,-103.536,-12.801,30.9571,55.8755
21,e-,20.0684,-103.536,-12.801,30.9571,55.8755
21,e-,0.09575,-103.753,-13.0275,31.0217,55.8645
21,e-,0.09575,-103.753,-13.0275,31.0217,55.8645
21,e-,0.11687,-103.753,-13.0275,31.0217,55.8645
21,e-,1.77498,-103.753,-13.0275,31.0217,55.8645
21,e-,15.7896,-103.753,-13.0275,31.0217,55.8645
21,Pb206,4.25677,-103.778,-13.0486,31.0252,55.8634
21,Pb206,0.253947,-107.51,-13.5818,31.3058,60.8409
21,Pb206,0.00267099,-106.659,-13.3382,31.1208,59.6701
21,Pb208,0.181721,-105.642,-13.046,30.9453,58.2803
27,Pb206,4.26954,98.9114,41.0253,-30.8086,197.801
27,Pb208,16.9257,-79.5931,-64.0538,96.0732,72.0753
27,Pb208,25.8362,-79.3687,-64.2042,96.348,71.8767
28,Pb208,29.176,100.776,-13.386,86.5865,68.4367
28,Pb207,5.77478,100.444,-13.1696,86.575,68.2338
31,Pb207,1.24407,95.5117,-29.6752,-5.8544,54.039
31,Pb207,14.6297,96.1754,-28.6425,-4.55096,53.1096
31,Pb208,33.8552,97.7774,-28.0287,-5.25505,52.152
32,gamma,0.01505,-61.6598,-88.0592,-2.63865,55.2831
32,gamma,0.22214,-61.9306,-87.9242,-2.85151,55.2954
32,gamma,0.05484,-62.2015,-87.4273,-2.84782,55.3143
32,gamma,0.09655,-62.174,-87.4886,-2.82886,55.3167
32,e-,0.0328,-62.174,-87.4886,-2.82886,55.3167
32,e-,0.03659,-62.174,-87.4886,-2.82886,55.3167
32,e-,0.0328,-62.174,-87.4886,-2.82886,55.3167
32,e-,0.0982,-62.174,-87.4886,-2.82886,55.3167
32,e-,0.23342,-62.174,-87.4886,-2.82886,55.3167
32,e-,0.03414,-62.174,-87.4886,-2.82886,55.3167
32,e-,0.0801749,-62.174,-87.4886,-2.82886,55.3167
32,e-,0.110315,-62.174,-87.4886,-2.82886,55.3167
32,e-,0.09575,-62.174,-87.4886,-2.82886,55.3167
32,e-,0.0899219,-62.174,-87.4886,-2.82886,55.3167
32,e-,0.148728,-62.174,-87.4886,-2.82886,55.3167
32,e-,0.09467,-62.174,-87.4886,-2.82886,55.3167
32,e-,0.23865,-62.174,-87.4886,-2.82886,55.3167
32,e-,1.19979,-62.174,-87.4886,-2.82886,55.3167
32,e-,0.191665,-62.174,-87.4886,-2.82886,55.3167
32,e-,9.94683,-62.174,-87.4886,-2.82885,55.3167
32,gamma,0.18877,-62.1737,-87.4888,-2.82885,55.3167
32,e-,0.0328,-62.1737,-87.4888,-2.82885,55.3167
32,e-,0.10077,-62.1737,-87.4888,-2.82885,55.3167
32,e-,0.03414,-62.1737,-87.4888,-2.82885,55.3167
32,e-,0.35765,-62.1737,-87.4888,-2.82885,55.3167
32,e-,0.11185,-62.1737,-87.4888,-2.82885,55.3167
32,e-,1.66402,-62.1737,-87.4888,-2.82885,55.3167
32,gamma,0.15904,-62.1747,-87.4869,-2.8317,55.3168
32,e-,0.03558,-62.1747,-87.4869,-2.8317,55.3168
32,e-,0.03916,-62.1747,-87.4869,-2.8317,55.3168
32,e-,0.09297,-62.1747,-87.4869,-2.8317,55.3168
32,e-,0.0214264,-62.1747,-87.4869,-2.8317,55.3168
32,e-,0.232164,-62.1747,-87.4869,-2.8317,55.3168
32,e-,0.0168612,-62.1747,-87.4869,-2.8317,55.3168
32,e-,1.9948,-62.1747,-87.4869,-2.8317,55.3168
32,e-,1.06284,-62.1747,-87.4869,-2.8317,55.3168
32,e-,6.89616,-62.1747,-87.4869,-2.8317,55.3168
32,e-,0.480886,-62.1736,-87.4888,-2.82881,55.3167
32,e-,46.201,-62.1736,-87.4889,-2.82872,55.3167
32,e-,15.5271,-62.1736,-87.4889,-2.82872,55.3167
32,e-,5.69376,-62.174,-87.4887,-2.82888,55.3167
32,e-,35.3914,-62.1738,-87.4888,-2.82895,55.3167
32,e-,54.9018,-62.1738,-87.4888,-2.82902,55.3167
32,e-,4.43478,-62.1738,-87.4888,-2.82902,55.3167
32,e-,0.0328,-62.2015,-87.4273,-2.84782,55.3143
32,e-,16.6357,-62.2024,-87.4274,-2.84803,55.3144
32,e-,92.2544,-62.2045,-87.4281,-2.8488,55.3145
32,e-,66.531,-62.2053,-87.4272,-2.84754,55.3145
32,e-,67.4474,-62.2058,-87.4266,-2.84646,55.3146
32,e-,48.0584,-62.2063,-87.4272,-2.8459,55.3146
32,e-,57.2048,-62.2064,-87.4265,-2.84593,55.3147
32,e-,61.7653,-62.2061,-87.4263,-2.84576,55.3147
32,e-,52.7876,-62.2062,-87.4263,-2.84583,55.3147
32,e-,36.9199,-62.2063,-87.4264,-2.84582,55.3147
32,e-,0.05329,-61.9306,-87.9242,-2.85151,55.2954
32,e-,0.01589,-61.9306,-87.9242,-2.85151,55.2954
32,e-,0.09297,-61.9306,-87.9242,-2.85151,55.2954
32,e-,0.0982,-61.9306,-87.9242,-2.85151,55.2954
32,e-,0.11185,-61.9306,-87.9242,-2.85151,55.2954
32,e-,0.25338,-61.9306,-87.9242,-2.85151,55.2954
32,e-,0.0177778,-61.9306,-87.9242,-2.85151,55.2954
32,e-,1.6235,-61.9306,-87.9242,-2.85151,55.2954
32,e-,57.675,-61.9319,-87.9246,-2.85254,55.2955
32,e-,98.0035,-61.9344,-87.9253,-2.8532,55.2956
32,e-,88.9846,-61.9332,-87.924,-2.85227,55.2957
32,e-,89.3151,-61.934,-87.9244,-2.8512,55.2958
32,e-,65.3763,-61.9337,-87.9236,-2.85114,55.2958
32,e-,34.594,-61.934,-87.9236,-2.85064,55.2958
32,e-,47.0668,-61.9339,-87.9234,-2.851,55.2958
32,e-,79.6882,-61.9338,-87.9234,-2.85078,55.2959
32,e-,26.9315,-61.9338,-87.9234,-2.85078,55.2959
32,e-,5.80567,-61.6599,-88.0594,-2.63883,55.2831
32,e-,45.0933,-61.6601,-88.0597,-2.63925,55.2832
32,e-,33.7803,-61.6599,-88.0595,-2.63926,55.2832
32,e-,42.9261,-61.6599,-88.0593,-2.63911,55.2832
32,e-,60.9307,-61.6598,-88.0594,-2.63913,55.2832
32,gamma,0.35624,-60.689,-88.2007,-1.56732,55.2359
32,e-,0.01424,-60.6917,-88.1953,-1.57171,55.2361
32,e-,0.0328,-60.6917,-88.1953,-1.57171,55.2361
32,e-,0.03414,-60.6917,-88.1953,-1.57171,55.2361
32,e-,0.05607,-60.6917,-88.1953,-1.57171,55.2361
32,e-,0.05035,-60.6917,-88.1953,-1.57171,55.2361
32,e-,0.23587,-60.6917,-88.1953,-1.57171,55.2361
32,e-,0.01087,-60.6917,-88.1953,-1.57171,55.2361
32,e-,1.92347,-60.6917,-88.1953,-1.57171,55.2361
32,e-,0.41779,-60.6917,-88.1953,-1.57171,55.2361
32,gamma,0.38611,-60.6983,-88.2073,-1.56898,55.2366
32,e-,0.10673,-60.6983,-88.2073,-1.56898,55.2366
32,e-,0.0982,-60.6983,-88.2073,-1.56898,55.2366
32,e-,0.03558,-60.6983,-88.2073,-1.56898,55.2366
32,e-,0.09297,-60.6983,-88.2073,-1.56898,55.2366
32,e-,0.11649,-60.6983,-88.2073,-1.56898,55.2366
32,e-,0.09542,-60.6983,-88.2073,-1.56898,55.2366
32,e-,0.0328,-60.6983,-88.2073,-1.56898,55.2366
32,e-,0.11164,-60.6983,-88.2073,-1.56898,55.2366
32,e-,0.39885,-60.6983,-88.2073,-1.56898,55.2366
32,e-,0.13438,-60.6983,-88.2073,-1.56898,55.2366
32,e-,0.0221065,-60.6983,-88.2073,-1.56898,55.2366
32,e-,0.112064,-60.6983,-88.2073,-1.56898,55.2366
32,e-,0.0445102,-60.6983,-88.2073,-1.56898,55.2366
32,e-,0.1691,-60.6983,-88.2073,-1.56898,55.2366
32,e-,0.0180235,-60.6983,-88.2073,-1.56898,55.2366
32,e-,1.50715,-60.6983,-88.2073,-1.56898,55.2366
32,e-,0.07788,-60.6983,-88.2073,-1.56898,55.2366
32,e-,1.98978,-60.6984,-88.2073,-1.56902,55.2366
32,e-,79.6856,-60.6985,-88.2073,-1.56904,55.2366
32,e-,0.75643,-60.6917,-88.1953,-1.57173,55.2361
32,e-,39.0543,-60.6918,-88.1953,-1.57177,55.2361
32,e-,0.03558,-60.689,-88.2007,-1.56732,55.2359
32,e-,0.0328,-60.689,-88.2007,-1.56732,55.2359
32,e-,0.03414,-60.689,-88.2007,-1.56732,55.2359
32,e-,0.0982,-60.689,-88.2007,-1.56732,55.2359
32,e-,0.09575,-60.689,-88.2007,-1.56732,55.2359
32,e-,0.09575,-60.689,-88.2007,-1.56732,55.2359
32,e-,0.0324848,-60.689,-88.2007,-1.56732,55.2359
32,e-,0.101895,-60.689,-88.2007,-1.56732,55.2359
32,e-,0.15377,-60.689,-88.2007,-1.56732,55.2359
32,e-,1.90596,-60.689,-88.2007,-1.56732,55.2359
32,e-,0.0377589,-60.689,-88.2007,-1.56732,55.2359
32,e-,0.169001,-60.689,-88.2007,-1.56732,55.2359
32,e-,0.07967,-60.689,-88.2007,-1.56732,55.2359
32,e-,0.132482,-60.689,-88.2007,-1.56732,55.2359
32,e-,9.67852,-60.689,-88.2007,-1.56731,55.2359
32,e-,4.42289,-60.689,-88.2009,-1.56721,55.2359
32,e-,39.8963,-60.6892,-88.2014,-1.56715,55.2359
32,e-,89.2519,-60.6889,-88.2015,-1.56695,55.2359
32,e-,42.9673,-60.6889,-88.2016,-1.56694,55.2359
32,Pb206,10.4899,-60.6834,-88.1883,-1.58737,55.2351
32,Pb208,0.384275,-63.6857,-89.5617,-12.3424,172.799
32,Pb207,0.173842,-61.9311,-89.5554,-12.3719,169.812
32,Pb207,0.773306,-55.1388,-86.2785,-12.8607,156.957
32,Pb207,0.323946,-49.3734,-89.5809,-12.6481,145.674
32,Pb206,0.177765,-49.2203,-89.9019,-12.593,145.064
32,Pb208,3.48544,-44.3646,-94.841,-9.0123,131.846
32,Pb207,1.03631,-49.0341,-92.103,-10.6932,122.331
32,Pb207,1.08938,-53.9417,-88.5383,-4.14762,107.389
32,Pb206,2.59174,-53.8736,-88.6344,-3.88734,106.911
32,Pb207,2.16965,-50.9624,-87.6707,-5.90745,100.822
32,Pb208,2.46764,-51.8891,-85.8669,-5.77863,97.4716
32,Pb207,0.138217,-56.7782,-90.8789,-9.0806,84.7908
32,Pb208,3.3338,-57.3174,-92.2886,-9.64678,82.1497
32,Pb208,0.588894,-54.8509,-90.9017,-6.60019,75.399
32,Pb206,0.212288,-54.9163,-90.836,-6.02498,74.4543
32,Pb206,2.9047,-59.0204,-87.7408,1.04173,60.2917
32,Pb208,3.12536,-57.6252,-84.8127,-4.18888,52.5471
33,Pb208,1.09636,77.8908,63.8838,-7.12444,51.7121
36,Pb208,12.659,-81.9603,60.1354,16.2878,156.318
36,Pb207,20.8388,55.4159,83.766,-83.6648,67.6596
36,Pb207,16.5667,56.1829,84.2423,-82.2626,66.8022
39,Pb208,32.1502,109.478,-5.46418,-28.1718,63.536
39,Pb208,4.38296,106.61,-13.514,-27.7827,59.1217
39,Pb206,3.83312,104.903,-17.5574,-23.824,56.0749
39,Pb206,22.7399,104.911,-17.9955,-23.7315,55.8443
39,Pb206,0.0973665,103.939,-17.7711,-23.4213,55.3102
40,gamma,0.47261,43.845,94.0571,-50.1523,107.707
40,e-,0.04656,43.845,94.0571,-50.1523,107.707
40,e-,0.0328,43.845,94.0571,-50.1523,107.707
40,e-,0.05607,43.845,94.0571,-50.1523,107.707
40,e-,0.09575,43.845,94.0571,-50.1523,107.707
40,e-,0.0328,43.845,94.0571,-50.1523,107.707
40,e-,0.0170796,43.845,94.0571,-50.1523,107.707
40,e-,0.48022,43.845,94.0571,-50.1523,107.707
40,e-,0.01332,43.845,94.0571,-50.1523,107.707
40,e-,0.03414,43.845,94.0571,-50.1523,107.707
40,e-,0.00979,43.845,94.0571,-50.1523,107.707
40,e-,0.23342,43.845,94.0571,-50.1523,107.707
40,e-,1.46447,43.845,94.0571,-50.1523,107.707
40,e-,0.0982,43.845,94.0571,-50.1523,107.707
40,e-,0.15311,43.845,94.0571,-50.1523,107.707
40,e-,0.61666,43.845,94.0571,-50.1523,107.707
40,e-,4.26646,43.845,94.057,-50.1523,107.707
40,e-,79.8875,43.845,94.0569,-50.1523,107.707
40,e-,9.0943,43.8423,94.0635,-50.1516,107.707
40,e-,68.697,43.8408,94.0652,-50.1521,107.707
40,e-,40.0015,43.8393,94.0659,-50.1514,107.707
40,e-,72.518,43.8405,94.0669,-50.1516,107.707
40,e-,63.0329,43.8413,94.0674,-50.1511,107.707
40,e-,44.0427,43.8414,94.0674,-50.1519,107.707
40,e-,24.7723,43.8411,94.0677,-50.1522,107.707
40,e-,64.4686,43.8411,94.0679,-50.1518,107.707
40,e-,62.8825,43.8412,94.0678,-50.1517,107.707
40,e-,32.1823,43.8412,94.0678,-50.1517,107.707
40,Pb207,10.5198,43.5451,93.6105,-49.7289,107.684
40,Pb207,1.87238,43.5137,91.7319,-48.7942,108.988
40,Pb208,34.5989,41.0076,94.6968,-49.7488,106.248
40,Pb207,26.8768,99.7725,14.5586,-17.6525,52.4139
41,Pb208,4.70832,-73.3126,71.915,27.0051,54.3724
42,Pb208,11.9737,75.6905,65.8225,92.7262,162.021
42,Pb207,31.3415,75.6893,65.8582,92.7196,162.002
42,Pb207,28.5248,-53.0601,-86.3009,32.0367,54.4898
42,Pb207,2.20092,-52.47,-85.4369,31.0062,53.7374
43,Pb207,0.153929,-56.8057,87.7259,4.01352,54.1365
43,Pb208,5.309,-55.2042,84.8352,6.7331,51.941
44,e-,0.06337,-90.463,-55.507,-78.0852,74.743
44,e-,0.0982,-90.463,-55.507,-78.0852,74.743
44,e-,0.01332,-90.463,-55.507,-78.0852,74.743
44,e-,2.29385,-90.463,-55.507,-78.0852,74.743
44,e-,0.0600114,-90.463,-55.507,-78.0852,74.743
44,e-,0.741549,-90.463,-55.507,-78.0852,74.743
44,gamma,0.31007,-90.4609,-55.5206,-78.0752,74.7435
44,e-,0.0328,-90.4609,-55.5206,-78.0752,74.7435
44,e-,0.05607,-90.4609,-55.5206,-78.0752,74.7435
44,e-,0.05607,-90.4609,-55.5206,-78.0752,74.7435
44,e-,0.09575,-90.4609,-55.5206,-78.0752,74.7435
44,e-,0.03937,-90.4609,-55.5206,-78.0752,74.7435
44,e-,0.01087,-90.4609,-55.5206,-78.0752,74.7435
44,e-,0.09542,-90.4609,-55.5206,-78.0752,74.7435
44,e-,0.01332,-90.4609,-55.5206,-78.0752,74.7435
44,e-,0.0235527,-90.4609,-55.5206,-78.0752,74.7435
44,e-,0.309897,-90.4609,-55.5206,-78.0752,74.7435
44,e-,0.57587,-90.4609,-55.5206,-78.0752,74.7435
44,gamma,0.0498,-90.4608,-55.5207,-78.0753,74.7435
44,e-,0.0982,-90.4608,-55.5207,-78.0753,74.7435
44,e-,0.0975132,-90.4608,-55.5207,-78.0753,74.7435
44,e-,2.19615,-90.4608,-55.5207,-78.0753,74.7435
44,e-,1.54358,-90.4609,-55.5206,-78.0752,74.7435
44,e-,0.0114196,-90.4609,-55.5206,-78.0752,74.7435
44,e-,9.59028,-90.4609,-55.5206,-78.0752,74.7435
44,e-,0.40124,-90.4609,-55.5207,-78.0752,74.7435
44,e-,26.0267,-90.461,-55.5207,-78.0753,74.7435
44,e-,43.1068,-90.4609,-55.5207,-78.0754,74.7436
44,e-,25.6219,-90.4621,-55.5056,-78.086,74.743
44,e-,119.922,-90.4599,-55.5026,-78.0853,74.7432
44,e-,102.258,-90.4573,-55.5039,-78.0857,74.7433
44,e-,75.9878,-90.4556,-55.5052,-78.0864,74.7434
44,e-,88.2066,-90.4556,-55.5069,-78.0867,74.7434
44,e-,44.7167,-90.4562,-55.5079,-78.0864,74.7435
44,e-,50.2883,-90.4559,-55.5072,-78.087,74.7435
44,e-,37.5995,-90.4565,-55.5069,-78.0872,74.7436
44,e-,32.648,-90.4569,-55.5072,-78.0873,74.7436
44,e-,35.4339,-90.4565,-55.5071,-78.0872,74.7436
44,e-,39.568,-90.4568,-55.5071,-78.0872,74.7436
44,e-,43.2204,-90.4567,-55.5071,-78.0873,74.7436
44,e-,19.6174,-90.4567,-55.5071,-78.0873,74.7436
44,gamma,0.05762,-91.9307,-57.166,-76.954,74.7376
44,gamma,0.02603,-92.4808,-57.584,-76.9129,74.7607
44,e-,0.06459,-92.8111,-57.3167,-76.9165,74.7749
44,e-,0.0982,-92.8111,-57.3167,-76.9165,74.7749
44,e-,0.0982,-92.8111,-57.3167,-76.9165,74.7749
44,e-,0.0328,-92.8111,-57.3167,-76.9165,74.7749
44,e-,0.0300247,-92.8111,-57.3167,-76.9165,74.7749
44,e-,0.203395,-92.8111,-57.3167,-76.9165,74.7749
44,e-,0.12915,-92.8111,-57.3167,-76.9165,74.7749
44,e-,0.0227764,-92.8111,-57.3167,-76.9165,74.7749
44,e-,0.111394,-92.8111,-57.3167,-76.9165,74.7749
44,e-,1.52517,-92.8111,-57.3167,-76.9165,74.7749
44,gamma,0.15626,-92.8113,-57.3166,-76.9165,74.7749
44,e-,0.03558,-92.8113,-57.3166,-76.9165,74.7749
44,e-,0.0982,-92.8113,-57.3166,-76.9165,74.7749
44,e-,0.03414,-92.8113,-57.3166,-76.9165,74.7749
44,e-,0.25616,-92.8113,-57.3166,-76.9165,74.7749
44,e-,0.0129191,-92.8113,-57.3166,-76.9165,74.7749
44,e-,1.99874,-92.8113,-57.3166,-76.9165,74.7749
44,e-,0.0788496,-92.8113,-57.3166,-76.9165,74.7749
44,e-,9.98545,-92.8113,-57.3166,-76.9165,74.7749
44,gamma,0.22282,-92.8162,-57.3431,-76.8981,74.776
44,e-,0.06705,-92.8162,-57.3431,-76.8981,74.776
44,e-,0.03558,-92.8162,-57.3431,-76.8981,74.776
44,e-,0.01087,-92.8162,-57.3431,-76.8981,74.776
44,e-,0.03937,-92.8162,-57.3431,-76.8981,74.776
44,e-,0.0982,-92.8162,-57.3431,-76.8981,74.776
44,e-,2.18815,-92.8162,-57.3431,-76.8981,74.776
44,e-,0.0209171,-92.8162,-57.3431,-76.8981,74.776
44,e-,0.391643,-92.8162,-57.3431,-76.8981,74.776
44,gamma,0.15311,-92.8161,-57.343,-76.8982,74.776
44,e-,0.0328,-92.8161,-57.343,-76.8982,74.776
44,e-,0.0328,-92.8161,-57.343,-76.8982,74.776
44,e-,0.03414,-92.8161,-57.343,-76.8982,74.776
44,e-,2.81915,-92.8161,-57.343,-76.8983,74.776
44,e-,0.0133305,-92.8161,-57.343,-76.8982,74.776
44,e-,9.70707,-92.8161,-57.343,-76.8982,74.776
44,e-,2.76571,-92.8162,-57.3431,-76.8981,74.776
44,e-,54.4063,-92.8162,-57.3431,-76.898,74.776
44,e-,5.70809,-92.8116,-57.3168,-76.9166,74.7749
44,e-,55.8657,-92.812,-57.3175,-76.9172,74.775
44,e-,31.0812,-92.8121,-57.318,-76.9175,74.775
44,e-,40.0367,-92.8124,-57.3179,-76.9172,74.775
44,e-,51.1571,-92.8123,-57.3179,-76.9175,74.775
44,e-,38.2454,-92.8122,-57.3179,-76.9176,74.775
44,e-,41.9605,-92.8121,-57.3179,-76.9176,74.775
44,e-,9.01002,-92.4812,-57.5849,-76.9127,74.7608
44,e-,74.8387,-92.4815,-57.5866,-76.9131,74.7608
44,e-,70.6876,-92.4814,-57.586,-76.9143,74.7609
44,e-,48.1221,-92.4817,-57.5863,-76.9135,74.7609
44,e-,68.5291,-92.4817,-57.5868,-76.914,74.761
44,e-,64.0239,-92.4819,-57.5866,-76.9141,74.761
44,e-,44.9723,-92.4819,-57.5865,-76.9142,74.761
44,e-,25.9699,-92.4819,-57.5865,-76.9142,74.761
44,e-,0.05329,-91.9307,-57.166,-76.954,74.7376
44,e-,4.66767,-91.9308,-57.1659,-76.9543,74.7377
44,e-,48.6921,-91.9309,-57.1653,-76.9547,74.7377
44,e-,45.516,-91.9311,-57.165,-76.955,74.7377
44,e-,41.8085,-91.9309,-57.1647,-76.9551,74.7377
44,e-,43.148,-91.931,-57.1646,-76.955,74.7377
44,e-,38.6005,-91.931,-57.1646,-76.955,74.7377
44,Pb206,11.8325,-90.3963,-56.2064,-75.9892,74.6692
44,Pb208,2.67936,-91.3091,-54.6042,-79.4079,81.4304
44,Pb206,1.5552,-89.5428,-57.555,-77.2707,73.614
44,Pb208,14.6689,-82.6461,-62.8944,-80.9737,68.7241
44,Pb208,15.493,-81.1199,-60.9004,-82.9289,67.0882
45,Pb208,20.7737,-66.0111,-87.5867,-7.37032,71.6072
45,Pb207,1.02427,-55.6483,-89.6592,0.515816,64.7805
45,Pb207,16.6047,-53.452,-90.9156,1.7639,63.3187
45,Pb208,3.15821,-54.0292,-90.6232,3.6895,62.2715
45,Pb208,0.0790246,-62.1816,-87.2795,10.6135,56.5004
45,Pb206,23.6025,-63.8213,-86.4802,11.8392,55.3672
46,Pb206,26.4205,-78.0688,65.1629,20.7779,53.1455
47,gamma,0.1069,17.2252,-98.7171,-3.5947,76.4628
47,gamma,0.08087,17.2487,-98.5844,-3.51331,76.4681
47,e-,0.05607,17.2487,-98.5844,-3.51331,76.4681
47,e-,0.01589,17.2487,-98.5844,-3.51331,76.4681
47,e-,3.52563,17.2489,-98.5841,-3.51333,76.4681
47,e-,34.0991,17.2494,-98.5835,-3.51345,76.4682
47,e-,58.3562,17.2497,-98.5839,-3.51321,76.4682
47,e-,48.8481,17.2495,-98.584,-3.51353,76.4682
47,e-,38.7378,17.2496,-98.5838,-3.51347,76.4682
47,e-,51.4158,17.2496,-98.5838,-3.51348,76.4682
47,e-,0.09297,17.2252,-98.7171,-3.5947,76.4628
47,e-,0.09575,17.2252,-98.7171,-3.5947,76.4628
47,e-,0.11687,17.2252,-98.7171,-3.5947,76.4628
47,e-,12.5418,17.2257,-98.7172,-3.59559,76.4629
47,e-,89.6625,17.2277,-98.7163,-3.59588,76.463
47,e-,53.2663,17.2291,-98.7164,-3.59644,76.463
47,e-,56.2126,17.2281,-98.7158,-3.59668,76.4631
47,e-,69.3655,17.2287,-98.7155,-3.59731,76.4631
47,e-,43.0402,17.2292,-98.7152,-3.5973,76.4632
47,e-,59.6589,17.2288,-98.7152,-3.59722,76.4632
47,e-,51.4863,17.2289,-98.7151,-3.59718,76.4632
47,e-,32.616,17.2289,-98.7151,-3.59717,76.4632
47,Pb206,8.33819,16.7117,-99.2578,-3.99244,76.4347
47,Pb208,0.739746,11.3145,-99.7549,-11.5167,71.5631
47,Pb206,0.755134,11.0059,-99.9592,-12.042,71.2254
47,Pb208,0.0549568,8.80355,-100.636,-14.1509,69.5848
47,Pb208,6.16978,5.25961,-101.94,-18.1006,66.7132
47,Pb206,1.16575,5.63544,-103.699,-21.0093,64.9209
47,Pb208,1.67702,5.55775,-104.509,-21.7219,64.3538
47,Pb208,29.519,4.43673,-105.894,-23.6643,62.9712
47,Pb208,0.980448,13.5197,-101.009,-24.2616,57.6
47,Pb207,38.2123,13.6134,-100.993,-24.2667,57.5493
47,Pb206,22.0574,6.86242,-102.459,-23.9129,53.9877
50,Pb207,2.79537,11.9855,-109.144,58.4564,63.8824
50,Pb208,1.85776,10.2482,-105.694,57.5867,61.8554
52,gamma,0.13571,20.5953,99.161,58.4943,59.6855
52,gamma,0.08365,20.4991,99.1144,58.6219,59.691
52,gamma,0.11993,20.5131,99.111,58.665,59.6925
52,e-,0.04656,20.5131,99.111,58.665,59.6925
52,e-,0.0328,20.5131,99.111,58.665,59.6925
52,e-,0.03916,20.5131,99.111,58.665,59.6925
52,e-,0.03659,20.5131,99.111,58.665,59.6925
52,e-,0.0328,20.5131,99.111,58.665,59.6925
52,e-,0.09542,20.5131,99.111,58.665,59.6925
52,e-,0.05607,20.5131,99.111,58.665,59.6925
52,e-,0.10662,20.5131,99.111,58.665,59.6925
52,e-,0.0290228,20.5131,99.111,58.665,59.6925
52,e-,0.165527,20.5131,99.111,58.665,59.6925
52,e-,0.0982,20.5131,99.111,58.665,59.6925
52,e-,0.0161,20.5131,99.111,58.665,59.6925
52,e-,0.0314468,20.5131,99.111,58.665,59.6925
52,e-,1.71553,20.5131,99.111,58.665,59.6925
52,e-,2.28862,20.5131,99.111,58.665,59.6925
52,e-,0.0680317,20.5131,99.111,58.665,59.6925
52,e-,7.78257,20.5131,99.111,58.665,59.6925
52,gamma,0.1149,20.5106,99.1169,58.6596,59.6928
52,e-,0.03558,20.5106,99.1169,58.6596,59.6928
52,e-,0.09297,20.5106,99.1169,58.6596,59.6928
52,e-,0.0584,20.5106,99.1169,58.6596,59.6928
52,e-,0.0236885,20.5106,99.1169,58.6596,59.6928
52,e-,2.16446,20.5106,99.1169,58.6596,59.6928
52,gamma,0.13023,20.5105,99.1176,58.6595,59.6928
52,e-,0.05885,20.5105,99.1176,58.6595,59.6928
52,e-,0.01087,20.5105,99.1176,58.6595,59.6928
52,e-,0.0982,20.5105,99.1176,58.6595,59.6928
52,e-,0.111473,20.5105,99.1176,58.6595,59.6928
52,e-,2.18238,20.5105,99.1176,58.6595,59.6928
52,e-,0.0543413,20.5105,99.1176,58.6595,59.6928
52,e-,7.90466,20.5105,99.1176,58.6595,59.6928
52,e-,2.52824,20.5106,99.117,58.6596,59.6928
52,e-,57.9157,20.5106,99.117,58.6595,59.6928
52,e-,1.76508,20.5106,99.117,58.6595,59.6928
52,e-,19.7454,20.513,99.111,58.6652,59.6925
52,e-,40.2188,20.5128,99.1111,58.6654,59.6926
52,e-,43.2113,20.5129,99.1112,58.6654,59.6926
52,e-,37.1679,20.5129,99.1112,58.6653,59.6926
52,e-,0.0328,20.4991,99.1144,58.6219,59.691
52,e-,0.03638,20.4991,99.1144,58.6219,59.691
52,e-,0.390543,20.4991,99.1144,58.6219,59.691
52,e-,53.478,20.499,99.1144,58.622,59.691
52,e-,0.0328,20.5953,99.161,58.4943,59.6855
52,e-,0.03414,20.5953,99.161,58.4943,59.6855
52,e-,0.0982,20.5953,99.161,58.4943,59.6855
52,e-,0.135582,20.5953,99.161,58.4943,59.6855
52,e-,2.05257,20.5953,99.161,58.4943,59.6855
52,e-,9.32637,20.5958,99.161,58.4945,59.6855
52,e-,78.5576,20.5967,99.1609,58.495,59.6855
52,e-,41.6556,20.5972,99.1606,58.4953,59.6856
52,e-,52.2447,20.5975,99.1604,58.4954,59.6856
52,e-,67.3364,20.5977,99.1605,58.4954,59.6856
52,e-,35.7068,20.5976,99.1605,58.4954,59.6856
52,Pb207,8.05669,20.2055,98.9561,58.1182,59.6662
52,Pb208,0.569837,22.9129,98.8742,55.2456,65.5941
52,Pb208,0.852833,23.6119,99.5373,53.6113,64.4214
52,Pb208,25.8885,23.6373,99.5661,53.5801,64.3896
52,Pb206,1.83784,21.6546,98.3955,57.2888,61.7185
52,Pb206,22.493,20.6005,98.9519,59.1763,60.3516
53,Pb206,19.5902,-24.4074,-103.667,77.0759,76.1942
53,Pb208,32.1345,-25.0294,-105.247,75.0193,74.8094
53,Pb208,1.87458,-21.5526,-105.807,79.4157,71.9102
53,Pb208,20.4488,-16.9242,-104.094,83.0821,68.7447
55,Pb208,2.20903,101.732,35.0367,48.4603,62.2934
55,Pb208,13.104,97.5662,38.4193,49.8372,59.4475
56,Pb207,30.1264,-60.6823,81.018,-60.2285,60.3117
57,Pb208,3.21092,-38.0905,-95.0419,80.2676,179.378
57,Pb207,30.5837,-37.3366,-96.0501,84.383,177.135
57,Pb208,38.1115,45.4381,89.9665,-36.1237,54.8232
58,Pb208,35.8236,-35.126,101.496,-3.56667,56.7858
58,Pb207,15.7208,-35.6127,97.1015,-5.384,54.3046
58,Pb207,21.0442,-34.8583,96.8659,-5.38169,53.8961
58,Pb208,16.774,-35.2443,96.4422,-2.92303,52.5979
62,Pb208,0.890471,54.4291,-90.0756,-28.5988,56.2673
62,Pb208,2.95091,51.1647,-87.3044,-24.8706,53.3567
63,Pb208,24.9201,-66.1492,86.0427,-0.264398,56.0818
63,Pb208,3.90981,-66.1741,85.5655,-0.555992,55.7946
63,Pb208,1.7092,-64.2344,83.2644,-2.24392,54.0276
63,Pb208,1.48429,-60.6244,80.8384,-3.02649,51.7639
64,Pb208,37.636,-84.5215,-63.8175,-23.7615,55.8253
64,Pb206,1.91708,-83.7586,-62.0661,-22.4016,54.6251
64,Pb208,0.325147,-81.6414,-60.0663,-21.3453,53.0388
65,Pb208,3.32621,-100.304,22.0001,-4.27236,52.6262
66,Pb206,6.81259,-106.501,-25.5938,23.2455,64.1928
66,Pb207,2.49755,-105.604,-15.1242,27.416,58.3141
66,Pb208,36.0643,-105.94,-14.2592,27.5133,57.8291
66,Pb208,21.5429,-105.799,-16.4548,26.4156,56.563
66,Pb208,0.775765,-101.686,-14.695,24.669,54.1048
67,Pb206,19.2929,75.8425,72.1872,-11.0081,56.9765
67,Pb207,37.086,70.4057,75.7488,-10.407,53.5788
67,Pb208,27.9672,70.8484,75.6139,-10.5363,53.331
70,Pb208,22.4635,-99.2947,-30.4648,-74.779,65.89
70,Pb208,3.49379,-98.1223,-29.2985,-71.165,63.8532
71,Pb208,0.633229,-105.221,31.3539,23.2443,186.299
71,Pb208,23.514,-99.5799,33.0758,17.5113,181.966
71,Pb208,7.71768,-99.5805,33.135,17.5582,181.926
71,Pb207,16.6333,-97.3096,33.8704,19.6449,180.27
71,Pb208,2.5496,48.5796,-89.0052,-59.2648,72.8914
71,Pb206,0.739852,48.6484,-89.2309,-59.38,72.7561
71,Pb208,32.0666,50.4098,-92.1578,-60.4095,70.9005
71,Pb208,5.8198,50.3506,-91.7946,-60.5788,70.6917
71,Pb206,21.2386,60.3671,-80.5226,-67.7029,62.1066
72,Pb208,2.10348,-109.284,11.7667,-32.4768,59.2612
72,Pb208,3.80476,-105.519,8.83651,-28.8849,56.2003
73,Pb208,21.1734,7.04991,-109.474,-51.8772,62.624
73,Pb208,4.74082,6.62632,-106.919,-51.3616,61.269
73,Pb207,2.1895,7.27892,-101.728,-45.1621,57.1134
74,gamma,0.13571,-73.115,69.5988,15.5664,145.715
74,gamma,0.02679,-73.1342,69.4959,15.5491,145.718
74,e-,0.05607,-73.1342,69.4959,15.5491,145.718
74,e-,0.05607,-73.1342,69.4959,15.5491,145.718
74,e-,0.05607,-73.1342,69.4959,15.5491,145.718
74,e-,0.09297,-73.1342,69.4959,15.5491,145.718
74,e-,0.5342,-73.1342,69.4959,15.5491,145.718
74,e-,0.01332,-73.1342,69.4959,15.5491,145.718
74,e-,0.09542,-73.1342,69.4959,15.5491,145.718
74,e-,1.58517,-73.1342,69.4959,15.5491,145.718
74,e-,2.28862,-73.1342,69.4959,15.5491,145.718
74,e-,0.0617683,-73.1342,69.4959,15.5491,145.718
74,e-,10.1055,-73.1342,69.4959,15.5491,145.718
74,gamma,0.3407,-73.1443,69.4453,15.5205,145.72
74,e-,0.0328,-73.1443,69.4453,15.5205,145.72
74,e-,0.03937,-73.1443,69.4453,15.5205,145.72
74,e-,0.09575,-73.1443,69.4453,15.5205,145.72
74,e-,0.0982,-73.1443,69.4453,15.5205,145.72
74,e-,0.03558,-73.1443,69.4453,15.5205,145.72
74,e-,0.05607,-73.1443,69.4453,15.5205,145.72
74,e-,0.0378769,-73.1443,69.4453,15.5205,145.72
74,e-,0.218283,-73.1443,69.4453,15.5205,145.72
74,e-,0.45517,-73.1443,69.4453,15.5205,145.72
74,e-,2.29045,-73.1443,69.4453,15.5205,145.72
74,e-,0.082947,-73.1443,69.4453,15.5205,145.72
74,e-,1.3205,-73.1443,69.4453,15.5205,145.72
74,gamma,0.1577,-73.1445,69.445,15.5208,145.72
74,e-,0.05607,-73.1445,69.445,15.5208,145.72
74,e-,0.03558,-73.1445,69.445,15.5208,145.72
74,e-,0.01311,-73.1445,69.445,15.5208,145.72
74,e-,0.05488,-73.1445,69.445,15.5208,145.72
74,e-,0.0573793,-73.1445,69.445,15.5208,145.72
74,e-,0.276281,-73.1445,69.445,15.5208,145.72
74,e-,0.0940098,-73.1445,69.445,15.5208,145.72
74,e-,9.80599,-73.1445,69.445,15.5208,145.72
74,e-,0.2123,-73.1443,69.4453,15.5205,145.72
74,e-,0.406504,-73.1443,69.4452,15.5205,145.72
74,e-,36.875,-73.1444,69.4452,15.5205,145.72
74,e-,19.8905,-73.1444,69.4452,15.5205,145.72
74,e-,6.10509,-73.1345,69.4958,15.549,145.718
74,e-,33.3742,-73.1349,69.4955,15.5487,145.719
74,e-,63.528,-73.1352,69.4954,15.5483,145.719
74,e-,41.8591,-73.1351,69.4952,15.5483,145.719
74,e-,52.2476,-73.1352,69.4952,15.5483,145.719
74,e-,0.05607,-73.115,69.5988,15.5664,145.715
74,e-,0.0328,-73.115,69.5988,15.5664,145.715
74,e-,0.0180252,-73.115,69.5988,15.5664,145.715
74,e-,0.479335,-73.115,69.5988,15.5664,145.715
74,e-,0.03408,-73.115,69.5988,15.5664,145.715
74,e-,14.9341,-73.1139,69.5982,15.5671,145.715
74,e-,95.6467,-73.1125,69.5964,15.5681,145.715
74,e-,76.2855,-73.1112,69.5975,15.5674,145.715
74,e-,73.9134,-73.1106,69.5984,15.5667,145.715
74,e-,89.139,-73.1103,69.5978,15.5673,145.715
74,e-,46.6533,-73.1105,69.598,15.5669,145.715
74,e-,44.8252,-73.1107,69.5983,15.5669,145.715
74,e-,53.6873,-73.1108,69.5983,15.567,145.715
74,e-,21.7044,-73.1108,69.5982,15.567,145.715
74,Pb206,28.0489,-73.3134,69.6078,15.3872,145.706
74,Pb208,0.662552,-72.5009,69.752,16.2067,146.496
74,Pb208,9.75693,82.5788,69.1217,53.5644,62.8631
74,Pb208,22.1117,83.3372,67.6187,54.9573,61.738
75,Pb208,1.50229,-79.643,73.9224,72.3881,82.0962
75,Pb208,29.1984,-76.4169,74.0278,72.8965,80.3019
75,Pb208,17.2644,-79.1077,71.1333,72.0429,78.1015
77,gamma,0.05762,88.8157,-61.3183,20.9941,62.7384
77,gamma,0.30636,88.8164,-61.6881,20.9487,62.7508
77,e-,0.03558,88.8164,-61.6881,20.9487,62.7508
77,e-,0.03558,88.8164,-61.6881,20.9487,62.7508
77,e-,0.03558,88.8164,-61.6881,20.9487,62.7508
77,e-,0.0328,88.8164,-61.6881,20.9487,62.7508
77,e-,0.09297,88.8164,-61.6881,20.9487,62.7508
77,e-,0.03414,88.8164,-61.6881,20.9487,62.7508
77,e-,0.03414,88.8164,-61.6881,20.9487,62.7508
77,e-,0.09542,88.8164,-61.6881,20.9487,62.7508
77,e-,0.05014,88.8164,-61.6881,20.9487,62.7508
77,e-,0.09575,88.8164,-61.6881,20.9487,62.7508
77,e-,0.05317,88.8164,-61.6881,20.9487,62.7508
77,e-,0.11687,88.8164,-61.6881,20.9487,62.7508
77,e-,0.03558,88.8164,-61.6881,20.9487,62.7508
77,e-,0.11164,88.8164,-61.6881,20.9487,62.7508
77,e-,0.11185,88.8164,-61.6881,20.9487,62.7508
77,e-,0.040744,88.8164,-61.6881,20.9487,62.7508
77,e-,0.197906,88.8164,-61.6881,20.9487,62.7508
77,e-,0.0240492,88.8164,-61.6881,20.9487,62.7508
77,e-,0.290671,88.8164,-61.6881,20.9487,62.7508
77,e-,0.03659,88.8164,-61.6881,20.9487,62.7508
77,e-,0.057076,88.8164,-61.6881,20.9487,62.7508
77,e-,1.60694,88.8164,-61.6881,20.9487,62.7508
77,e-,0.49211,88.8164,-61.6881,20.9487,62.7508
77,e-,0.82838,88.8164,-61.6881,20.9487,62.7508
77,e-,0.0720697,88.8164,-61.6881,20.9487,62.7508
77,e-,0.34049,88.8164,-61.6881,20.9487,62.7508
77,e-,0.0352016,88.8164,-61.6881,20.9487,62.7508
77,e-,7.4612,88.8164,-61.6881,20.9487,62.7508
77,gamma,0.33282,88.9921,-61.7422,20.9787,62.7571
77,e-,0.09297,88.9921,-61.7422,20.9787,62.7571
77,e-,0.09542,88.9921,-61.7422,20.9787,62.7571
77,e-,0.09799,88.9921,-61.7422,20.9787,62.7571
77,e-,0.0982,88.9921,-61.7422,20.9787,62.7571
77,e-,0.0982,88.9921,-61.7422,20.9787,62.7571
77,e-,0.0982,88.9921,-61.7422,20.9787,62.7571
77,e-,0.11164,88.9921,-61.7422,20.9787,62.7571
77,e-,0.0327914,88.9921,-61.7422,20.9787,62.7571
77,e-,0.295639,88.9921,-61.7422,20.9787,62.7571
77,e-,0.0193756,88.9921,-61.7422,20.9787,62.7571
77,e-,2.16354,88.9921,-61.7422,20.9787,62.7571
77,e-,0.118867,88.9921,-61.7422,20.9787,62.7571
77,e-,1.32334,88.9921,-61.7422,20.9787,62.7571
77,e-,0.0501257,88.9921,-61.7422,20.9787,62.7571
77,e-,8.01187,88.9921,-61.7422,20.9787,62.7571
77,e-,1.20569,88.9921,-61.7422,20.9787,62.7571
77,e-,43.1521,88.9922,-61.7422,20.9786,62.7571
77,e-,17.8513,88.9922,-61.7422,20.9786,62.7571
77,e-,49.0234,88.8118,-61.6894,20.9455,62.751
77,e-,220.999,88.8043,-61.6873,20.9407,62.7514
77,e-,360.359,88.8011,-61.6898,20.935,62.7516
77,e-,7.15321,88.8018,-61.6904,20.9347,62.7517
77,e-,122.445,88.8048,-61.6909,20.9357,62.7518
77,e-,99.7455,88.8042,-61.6916,20.9377,62.7519
77,e-,50.3848,88.8058,-61.6913,20.9375,62.7519
77,e-,50.9618,88.8056,-61.69,20.9373,62.752
77,e-,60.5405,88.8047,-61.6893,20.9371,62.752
77,e-,50.0209,88.8045,-61.6888,20.9375,62.7521
77,e-,51.3146,88.8044,-61.6886,20.938,62.7521
77,e-,54.1435,88.8043,-61.6888,20.9378,62.7521
77,e-,62.858,88.8042,-61.6889,20.9379,62.7521
77,gamma,0.39832,88.8024,-61.6903,20.9336,62.7517
77,e-,0.05607,88.8024,-61.6903,20.9336,62.7517
77,e-,0.00809,88.8024,-61.6903,20.9336,62.7517
77,e-,0.09575,88.8024,-61.6903,20.9336,62.7517
77,e-,0.09297,88.8024,-61.6903,20.9336,62.7517
77,e-,0.05607,88.8024,-61.6903,20.9336,62.7517
77,e-,0.0221193,88.8024,-61.6903,20.9336,62.7517
77,e-,0.216531,88.8024,-61.6903,20.9336,62.7517
77,e-,0.09575,88.8024,-61.6903,20.9336,62.7517
77,e-,2.19338,88.8024,-61.6903,20.9336,62.7517
77,e-,0.1109,88.8024,-61.6903,20.9336,62.7517
77,e-,0.107907,88.8024,-61.6903,20.9336,62.7517
77,e-,2.20725,88.8024,-61.6903,20.9336,62.7517
77,e-,0.07689,88.8024,-61.6903,20.9336,62.7517
77,e-,0.701,88.8024,-61.6903,20.9336,62.7517
77,e-,0.071569,88.8024,-61.6903,20.9336,62.7517
77,e-,9.35643,88.8025,-61.6903,20.9336,62.7517
77,e-,3.54647,88.8024,-61.6903,20.9337,62.7517
77,e-,36.3408,88.8022,-61.6902,20.9338,62.7517
77,e-,43.9045,88.8023,-61.6902,20.9338,62.7517
77,e-,11.9519,88.8023,-61.6902,20.9338,62.7517
77,e-,0.03002,88.8157,-61.3183,20.9941,62.7384
77,e-,11.3674,88.8154,-61.3184,20.9945,62.7384
77,e-,59.4443,88.8147,-61.3185,20.9951,62.7385
77,e-,65.9485,88.8142,-61.3182,20.9949,62.7385
77,e-,45.3564,88.8143,-61.3185,20.9948,62.7385
77,e-,34.5054,88.8142,-61.3185,20.9948,62.7385
77,e-,47.1481,88.8142,-61.3186,20.9948,62.7385
77,Pb206,4.44014,89.1332,-60.3258,20.9872,62.7037
77,Pb208,1.12473,-100.568,-34.5765,51.5121,405.634
77,Pb208,0.629545,-98.5281,-34.1853,53.5159,400.984
77,Pb208,3.13203,-98.1439,-35.1186,55.3674,397.59
77,Pb208,3.77899,-98.2731,-34.8513,55.3294,397.113
77,Pb208,0.568525,-96.244,-36.3737,56.0835,392.928
77,Pb206,0.465711,87.3714,-55.2906,6.65633,91.0632
77,Pb208,2.96294,88.1369,-54.8145,6.62027,89.6384
77,Pb207,0.922077,85.3472,-59.2259,16.8649,71.6236
77,Pb207,22.5652,89.801,-60.6793,22.2255,61.946
77,Pb208,1.95149,90.363,-57.5789,22.0824,60.3093
77,Pb208,21.0948,90.8713,-54.6182,20.4263,58.5276
77,Pb208,1.45048,89.5908,-54.5101,20.52,57.8636
77,Pb206,0.239852,85.0443,-55.1389,22.4669,55.2907
77,Pb206,7.49826,83.7526,-55.3254,22.7911,54.5955
77,Pb206,23.4646,82.5998,-57.1702,24.9851,53.0041
78,Pb206,1.33059,77.5954,75.4525,-27.0451,57.5831
78,Pb206,1.50803,74.7815,68.0558,-23.7983,53.2006
78,Pb208,0.705893,74.4574,67.5926,-23.7557,52.9103
79,gamma,0.32904,14.702,106.384,-31.4529,60.1015
79,gamma,0.36174,14.5152,106.273,-31.2926,60.1105
79,e-,0.0328,14.5152,106.273,-31.2926,60.1105
79,e-,0.03558,14.5152,106.273,-31.2926,60.1105
79,e-,0.03659,14.5152,106.273,-31.2926,60.1105
79,e-,0.05607,14.5152,106.273,-31.2926,60.1105
79,e-,0.0982,14.5152,106.273,-31.2926,60.1105
79,e-,0.07453,14.5152,106.273,-31.2926,60.1105
79,e-,0.12002,14.5152,106.273,-31.2926,60.1105
79,e-,0.00809,14.5152,106.273,-31.2926,60.1105
79,e-,0.04603,14.5152,106.273,-31.2926,60.1105
79,e-,0.09297,14.5152,106.273,-31.2926,60.1105
79,e-,0.0123215,14.5152,106.273,-31.2926,60.1105
79,e-,2.26017,14.5152,106.273,-31.2926,60.1105
79,e-,0.62189,14.5152,106.273,-31.2926,60.1105
79,e-,13.4602,14.5143,106.273,-31.2919,60.1105
79,e-,98.4114,14.5122,106.273,-31.2907,60.1106
79,e-,94.4806,14.5138,106.274,-31.2902,60.1107
79,e-,61.739,14.5142,106.273,-31.2913,60.1108
79,e-,51.6797,14.5134,106.273,-31.2915,60.1108
79,e-,34.9814,14.5138,106.273,-31.292,60.1108
79,e-,42.96,14.5142,106.273,-31.292,60.1108
79,e-,36.2278,14.5139,106.273,-31.2919,60.1109
79,e-,37.3508,14.514,106.273,-31.292,60.1109
79,e-,49.5897,14.5141,106.273,-31.2921,60.1109
79,e-,0.0328,14.702,106.384,-31.4529,60.1015
79,e-,0.0328,14.702,106.384,-31.4529,60.1015
79,e-,0.09297,14.702,106.384,-31.4529,60.1015
79,e-,0.09297,14.702,106.384,-31.4529,60.1015
79,e-,0.03937,14.702,106.384,-31.4529,60.1015
79,e-,0.17704,14.702,106.384,-31.4529,60.1015
79,e-,0.09297,14.702,106.384,-31.4529,60.1015
79,e-,0.13438,14.702,106.384,-31.4529,60.1015
79,e-,0.00301736,14.702,106.384,-31.4529,60.1015
79,e-,0.189983,14.702,106.384,-31.4529,60.1015
79,e-,0.0506277,14.702,106.384,-31.4529,60.1015
79,e-,0.122352,14.702,106.384,-31.4529,60.1015
79,e-,1.66428,14.702,106.384,-31.4529,60.1015
79,e-,23.9876,14.7019,106.385,-31.4527,60.1015
79,e-,60.0994,14.7017,106.386,-31.4526,60.1015
79,e-,70.2161,14.7016,106.386,-31.452,60.1016
79,e-,49.4883,14.7017,106.386,-31.4517,60.1016
79,e-,50.3788,14.7016,106.386,-31.4517,60.1016
79,e-,21.1376,14.7016,106.386,-31.4517,60.1016
79,gamma,0.10512,13.8588,105.706,-30.3638,60.145
79,e-,0.09575,13.8588,105.706,-30.3638,60.145
79,e-,0.09575,13.8588,105.706,-30.3638,60.145
79,e-,0.0736371,13.8588,105.706,-30.3638,60.145
79,e-,2.11974,13.8588,105.706,-30.3638,60.145
79,gamma,0.13393,13.8565,105.706,-30.3646,60.1451
79,e-,0.03558,13.8565,105.706,-30.3646,60.1451
79,e-,0.03638,13.8565,105.706,-30.3646,60.1451
79,e-,0.09575,13.8565,105.706,-30.3646,60.1451
79,e-,0.422657,13.8565,105.706,-30.3646,60.1451
79,e-,1.7657,13.8565,105.706,-30.3646,60.1451
79,e-,8.061,13.8565,105.706,-30.3646,60.1451
79,e-,35.0653,13.8566,105.704,-30.3634,60.1451
79,e-,157.166,13.8537,105.7,-30.3627,60.1453
79,e-,104.251,13.8507,105.698,-30.3635,60.1454
79,e-,90.567,13.8498,105.695,-30.3635,60.1455
79,e-,311.36,13.8514,105.696,-30.3652,60.1456
79,e-,72.7406,13.8513,105.695,-30.3654,60.1456
79,e-,33.9283,13.8514,105.695,-30.3653,60.1457
79,e-,47.6929,13.8515,105.695,-30.3653,60.1457
79,e-,14.6988,13.8515,105.695,-30.3653,60.1457
79,Pb206,9.60532,15.2733,106.009,-31.9718,60.0728
79,Pb208,4.17298,96.2738,27.1223,-43.3077,248.101
79,Pb208,2.62488,15.028,100.034,-24.1039,94.8273
79,Pb208,2.49588,16.3693,100.389,-19.3278,87.9826
79,Pb206,4.80848,16.8897,100.045,-19.401,87.1224
79,Pb206,1.01857,11.5044,107.219,-24.6836,72.9827
79,Pb206,1.94787,10.7026,107.067,-25.8636,71.0375
79,Pb206,3.88372,15.5414,105.897,-31.8824,60.481
79,Pb208,16.5386,11.7254,106.78,-26.3601,56.6363
80,gamma,0.40904,88.7382,-56.6873,-1.13038,69.5951
80,e-,0.0328,88.7382,-56.6873,-1.13038,69.5951
80,e-,0.09297,88.7382,-56.6874,-1.13038,69.5951
80,e-,0.0328,88.7382,-56.6873,-1.13038,69.5951
80,e-,0.10673,88.7382,-56.6873,-1.13038,69.5951
80,e-,0.0982,88.7382,-56.6873,-1.13038,69.5951
80,e-,0.05607,88.7382,-56.6873,-1.13038,69.5951
80,e-,0.09575,88.7382,-56.6873,-1.13038,69.5951
80,e-,0.03638,88.7382,-56.6873,-1.13038,69.5951
80,e-,0.0395075,88.7382,-56.6873,-1.13038,69.5951
80,e-,0.219103,88.7382,-56.6873,-1.13038,69.5951
80,e-,0.03558,88.7382,-56.6873,-1.13038,69.5951
80,e-,0.03414,88.7382,-56.6873,-1.13038,69.5951
80,e-,0.03558,88.7382,-56.6873,-1.13038,69.5951
80,e-,0.11164,88.7382,-56.6873,-1.13038,69.5951
80,e-,0.03558,88.7382,-56.6873,-1.13038,69.5951
80,e-,0.15377,88.7382,-56.6873,-1.13038,69.5951
80,e-,0.16796,88.7382,-56.6873,-1.13038,69.5951
80,e-,0.17704,88.7382,-56.6873,-1.13038,69.5951
80,e-,0.13417,88.7382,-56.6873,-1.13038,69.5951
80,e-,0.03136,88.7382,-56.6873,-1.13038,69.5951
80,e-,0.0414523,88.7382,-56.6873,-1.13038,69.5951
80,e-,1.27904,88.7382,-56.6873,-1.13038,69.5951
80,e-,0.09575,88.7382,-56.6873,-1.13038,69.5951
80,e-,0.0952753,88.7382,-56.6873,-1.13038,69.5951
80,e-,1.34693,88.7382,-56.6874,-1.13038,69.5951
80,e-,0.0472248,88.7382,-56.6873,-1.13038,69.5951
80,e-,0.370565,88.7382,-56.6873,-1.13038,69.5951
80,e-,0.134876,88.7382,-56.6873,-1.13038,69.5951
80,e-,0.282914,88.7382,-56.6874,-1.13038,69.5951
80,e-,0.0398122,88.7382,-56.6874,-1.13038,69.5951
80,e-,6.89099,88.7382,-56.6874,-1.13038,69.5951
80,gamma,0.31763,88.7341,-56.6844,-1.13278,69.5953
80,e-,0.0328,88.7341,-56.6844,-1.13278,69.5953
80,e-,0.03414,88.7341,-56.6844,-1.13278,69.5953
80,e-,0.0982,88.7341,-56.6844,-1.13278,69.5953
80,e-,0.03558,88.7341,-56.6844,-1.13278,69.5953
80,e-,0.05607,88.7341,-56.6844,-1.13278,69.5953
80,e-,0.13438,88.7341,-56.6844,-1.13278,69.5953
80,e-,0.0387722,88.7341,-56.6844,-1.13278,69.5953
80,e-,0.639398,88.7341,-56.6844,-1.13278,69.5953
80,e-,0.09542,88.7341,-56.6844,-1.13278,69.5953
80,e-,1.17705,88.7341,-56.6844,-1.13278,69.5953
80,e-,0.0252574,88.7341,-56.6844,-1.13278,69.5953
80,e-,0.387303,88.7341,-56.6844,-1.13278,69.5953
80,e-,1.26903,88.7341,-56.6844,-1.13284,69.5953
80,e-,34.729,88.7341,-56.6845,-1.13293,69.5953
80,e-,36.1799,88.7341,-56.6845,-1.13296,69.5953
80,e-,22.6453,88.7388,-56.6895,-1.13111,69.5952
80,e-,72.9296,88.7411,-56.6924,-1.13197,69.5954
80,e-,87.2128,88.7398,-56.6953,-1.13118,69.5955
80,e-,88.4522,88.7388,-56.6966,-1.13329,69.5956
80,e-,90.3263,88.7388,-56.6986,-1.13378,69.5957
80,e-,83.1868,88.7378,-56.6983,-1.13277,69.5957
80,e-,67.5932,88.7384,-56.6975,-1.13246,69.5958
80,e-,50.8457,88.7386,-56.6971,-1.13289,69.5958
80,e-,41.1809,88.7387,-56.6971,-1.1333,69.5958
80,e-,44.6173,88.7386,-56.6974,-1.13332,69.5958
80,e-,66.0988,88.7385,-56.6973,-1.13329,69.5958
80,Pb206,1.03098,88.8201,-56.4105,-0.97627,69.5855
80,gamma,0.02603,90.8099,-54.3535,1.01828,89.412
80,gamma,0.60948,90.5946,-54.3346,0.998475,89.4193
80,e-,0.06705,90.5946,-54.3346,0.998475,89.4193
80,e-,0.0328,90.5946,-54.3346,0.998475,89.4193
80,e-,0.09575,90.5946,-54.3346,0.998475,89.4193
80,e-,0.09575,90.5946,-54.3346,0.998475,89.4193
80,e-,0.01332,90.5946,-54.3346,0.998475,89.4193
80,e-,0.03558,90.5946,-54.3346,0.998475,89.4193
80,e-,0.0982,90.5946,-54.3346,0.998475,89.4193
80,e-,0.03659,90.5946,-54.3346,0.998475,89.4193
80,e-,0.05607,90.5946,-54.3346,0.998475,89.4193
80,e-,0.0218025,90.5946,-54.3346,0.998475,89.4193
80,e-,0.214068,90.5946,-54.3346,0.998475,89.4193
80,e-,0.09542,90.5946,-54.3346,0.998475,89.4193
80,e-,0.23865,90.5946,-54.3346,0.998475,89.4193
80,e-,0.0346097,90.5946,-54.3346,0.998475,89.4193
80,e-,0.22155,90.5946,-54.3346,0.998475,89.4193
80,e-,0.0632823,90.5946,-54.3346,0.998475,89.4193
80,e-,0.452058,90.5946,-54.3346,0.998474,89.4193
80,e-,0.25338,90.5946,-54.3346,0.998474,89.4193
80,e-,0.1109,90.5946,-54.3346,0.998475,89.4193
80,e-,0.0267042,90.5946,-54.3346,0.998475,89.4193
80,e-,1.89677,90.5946,-54.3346,0.998474,89.4193
80,e-,1.40345,90.5946,-54.3346,0.998475,89.4193
80,e-,0.738578,90.5946,-54.3346,0.998475,89.4193
80,e-,0.786592,90.5946,-54.3346,0.998475,89.4193
80,e-,0.0614868,90.5946,-54.3346,0.998477,89.4193
80,e-,7.89481,90.5946,-54.3346,0.99848,89.4193
80,e-,0.2123,90.5946,-54.3346,0.998474,89.4193
80,e-,7.74324,90.5945,-54.3344,0.998701,89.4193
80,e-,44.2994,90.5945,-54.3341,0.999091,89.4193
80,e-,43.4827,90.5942,-54.3339,0.998948,89.4193
80,e-,21.3672,90.5941,-54.3339,0.999117,89.4194
80,e-,52.9048,90.5942,-54.334,0.99921,89.4194
80,e-,18.2135,90.5942,-54.334,0.999202,89.4194
80,e-,8.7372,90.8106,-54.3536,1.01805,89.4121
80,e-,60.8202,90.8121,-54.3534,1.01789,89.4121
80,e-,47.5058,90.8127,-54.3544,1.01817,89.4122
80,e-,102.835,90.8132,-54.3536,1.01829,89.4122
80,e-,59.7577,90.8135,-54.3538,1.01808,89.4123
80,e-,37.9354,90.8135,-54.354,1.01807,89.4123
80,e-,48.1677,90.8135,-54.354,1.018,89.4123
80,Pb207,4.97089,90.272,-54.5834,1.52718,89.3862
80,Pb208,7.12682,86.2925,-56.3911,-0.365307,86.125
80,Pb208,9.01489,87.0956,-58.7597,-2.85182,83.7178
80,Pb206,21.5312,82.9449,-62.985,-1.68422,79.6138
80,Pb208,15.4587,90.2104,-59.1958,-5.81528,73.4336
80,Pb207,0.6092,88.2811,-53.6666,7.34943,65.0591
80,Pb208,1.31809,88.5844,-51.0252,11.7557,62.4073
80,Pb207,0.0752752,88.9209,-49.595,20.2262,57.9789
80,Pb208,23.8168,89.6811,-47.7886,27.804,53.9457
82,Pb206,29.827,-23.651,98.524,-4.27585,51.9278
84,gamma,0.22127,53.8078,93.1109,37.2185,58.0423
84,e-,0.05607,53.8078,93.1109,37.2185,58.0423
84,e-,0.0328,53.8078,93.1109,37.2185,58.0423
84,e-,0.05607,53.8078,93.1109,37.2185,58.0423
84,e-,0.09575,53.8078,93.1109,37.2185,58.0423
84,e-,0.09575,53.8078,93.1109,37.2185,58.0423
84,e-,0.0161,53.8078,93.1109,37.2185,58.0423
84,e-,0.05607,53.8078,93.1109,37.2185,58.0423
84,e-,0.03414,53.8078,93.1109,37.2185,58.0423
84,e-,0.01332,53.8078,93.1109,37.2185,58.0423
84,e-,0.08582,53.8078,93.1109,37.2185,58.0423
84,e-,0.15283,53.8078,93.1109,37.2185,58.0423
84,e-,0.13438,53.8078,93.1109,37.2185,58.0423
84,e-,0.02708,53.8078,93.1109,37.2185,58.0423
84,e-,0.0377892,53.8078,93.1109,37.2185,58.0423
84,e-,2.15036,53.8078,93.1109,37.2185,58.0423
84,e-,0.09297,53.8078,93.1109,37.2185,58.0423
84,e-,1.74698,53.8078,93.1109,37.2185,58.0423
84,e-,0.0628931,53.8078,93.1109,37.2185,58.0423
84,e-,0.349667,53.8078,93.1109,37.2185,58.0423
84,e-,0.0516559,53.8078,93.1109,37.2185,58.0423
84,e-,0.755134,53.8078,93.1109,37.2185,58.0423
84,e-,6.4361,53.8078,93.1109,37.2184,58.0423
84,gamma,0.69299,53.8294,93.082,37.1797,58.0441
84,e-,0.0328,53.8294,93.082,37.1797,58.0441
84,e-,0.0328,53.8294,93.082,37.1797,58.0441
84,e-,0.0328,53.8294,93.082,37.1797,58.0441
84,e-,0.05607,53.8294,93.082,37.1797,58.0441
84,e-,0.03558,53.8294,93.082,37.1797,58.0441
84,e-,0.03414,53.8294,93.082,37.1797,58.0441
84,e-,0.03414,53.8295,93.082,37.1797,58.0441
84,e-,0.03937,53.8294,93.082,37.1797,58.0441
84,e-,0.09542,53.8294,93.082,37.1797,58.0441
84,e-,0.0328,53.8294,93.082,37.1797,58.0441
84,e-,0.09575,53.8294,93.082,37.1797,58.0441
84,e-,0.01087,53.8294,93.082,37.1797,58.0441
84,e-,0.03659,53.8294,93.082,37.1797,58.0441
84,e-,0.11687,53.8295,93.082,37.1797,58.0441
84,e-,0.000922728,53.8294,93.082,37.1797,58.0441
84,e-,0.128227,53.8294,93.082,37.1797,58.0441
84,e-,0.03414,53.8294,93.082,37.1797,58.0441
84,e-,0.515337,53.8295,93.082,37.1797,58.0441
84,e-,1.67804,53.8295,93.082,37.1797,58.0441
84,e-,0.0992286,53.8294,93.082,37.1797,58.0441
84,e-,0.134191,53.8294,93.082,37.1797,58.0441
84,e-,1.64128,53.8294,93.082,37.1797,58.0441
84,e-,0.09575,53.8294,93.082,37.1797,58.0441
84,e-,0.0268199,53.8294,93.082,37.1797,58.0441
84,e-,0.39097,53.8294,93.082,37.1797,58.0441
84,e-,0.15311,53.8295,93.082,37.1797,58.0441
84,e-,0.0472483,53.8294,93.082,37.1797,58.0441
84,e-,0.574642,53.8294,93.082,37.1797,58.0441
84,e-,8.9681,53.8295,93.0821,37.1797,58.0441
84,e-,4.66008,53.8294,93.0821,37.1797,58.0441
84,e-,35.7433,53.8294,93.0821,37.1798,58.0441
84,e-,18.9797,53.8294,93.0821,37.1798,58.0441
84,e-,19.4467,53.8074,93.1118,37.2205,58.0424
84,e-,134.819,53.8063,93.1134,37.2239,58.0426
84,e-,153.014,53.8052,93.113,37.2213,58.0427
84,e-,119.995,53.8044,93.1123,37.2197,58.0427
84,e-,69.7548,53.8035,93.1127,37.2192,58.0428
84,e-,42.2738,53.8029,93.1128,37.2196,58.0428
84,e-,58.0509,53.8033,93.1131,37.2198,58.0429
84,e-,85.5899,53.8035,93.1129,37.2196,58.0429
84,e-,32.1449,53.8035,93.113,37.2196,58.0429
84,gamma,0.02603,53.469,92.8582,36.7325,58.0327
84,e-,0.00171,53.5253,92.827,36.7045,58.035
84,e-,0.09575,53.5253,92.827,36.7045,58.035
84,e-,0.117127,53.5253,92.827,36.7045,58.035
84,e-,0.121523,53.5253,92.827,36.7045,58.035
84,e-,0.0361104,53.5253,92.827,36.7045,58.035
84,e-,0.2225,53.5253,92.827,36.7045,58.035
84,e-,0.0165222,53.5253,92.827,36.7045,58.035
84,e-,1.73046,53.5253,92.827,36.7045,58.035
84,e-,0.0423823,53.5253,92.827,36.7045,58.035
84,e-,10.3769,53.5253,92.8269,36.7045,58.035
84,gamma,0.37654,53.501,92.6854,36.8481,58.0419
84,e-,0.0328,53.501,92.6854,36.8481,58.0419
84,e-,0.03558,53.501,92.6854,36.8481,58.0419
84,e-,0.0328,53.501,92.6854,36.8481,58.0419
84,e-,0.03414,53.501,92.6854,36.8481,58.0419
84,e-,0.03558,53.501,92.6854,36.8481,58.0419
84,e-,0.09542,53.501,92.6854,36.8481,58.0419
84,e-,0.09575,53.501,92.6854,36.8481,58.0419
84,e-,0.03414,53.501,92.6854,36.8481,58.0419
84,e-,0.17704,53.501,92.6854,36.8481,58.0419
84,e-,0.39362,53.501,92.6854,36.8481,58.0419
84,e-,0.4792,53.501,92.6854,36.8481,58.0419
84,e-,1.71418,53.501,92.6854,36.8481,58.0419
84,e-,1.44221,53.501,92.6854,36.8481,58.0419
84,e-,0.0674128,53.501,92.6854,36.8481,58.0419
84,e-,7.99459,53.501,92.6854,36.8481,58.0419
84,e-,0.428543,53.501,92.6854,36.8482,58.0419
84,e-,42.8638,53.5011,92.6854,36.8483,58.0419
84,e-,18.9167,53.5011,92.6854,36.8483,58.0419
84,e-,1.53517,53.5254,92.827,36.7045,58.035
84,e-,52.5616,53.5255,92.827,36.7045,58.035
84,e-,19.5922,53.5255,92.827,36.7045,58.035
84,e-,1.25892,53.4688,92.8584,36.7325,58.0327
84,e-,78.4935,53.4683,92.8588,36.7323,58.0327
84,e-,48.7008,53.4683,92.8589,36.732,58.0327
84,e-,48.3987,53.4682,92.859,36.7321,58.0327
84,e-,24.322,53.4682,92.859,36.7321,58.0327
84,Pb206,1.92096,53.7081,92.676,36.8151,58.0235
84,Pb208,0.846897,53.3461,91.7609,36.1521,57.4158
88,Pb207,2.15984,2.11759,-101.862,93.2012,70.7039
89,gamma,0.16452,39.0114,-100.369,-59.6343,62.9297
89,gamma,0.0556,39.0175,-100.377,-59.6092,62.9306
89,e-,0.0328,39.0175,-100.377,-59.6092,62.9306
89,e-,0.09297,39.0175,-100.377,-59.6092,62.9306
89,e-,0.09542,39.0175,-100.377,-59.6092,62.9306
89,e-,0.09542,39.0175,-100.377,-59.6092,62.9306
89,e-,0.03136,39.0175,-100.377,-59.6092,62.9306
89,e-,0.11164,39.0175,-100.377,-59.6092,62.9306
89,e-,0.129148,39.0175,-100.377,-59.6092,62.9306
89,e-,0.127012,39.0175,-100.377,-59.6092,62.9306
89,e-,0.19572,39.0175,-100.377,-59.6092,62.9306
89,e-,2.43416,39.0175,-100.377,-59.6092,62.9306
89,e-,0.0185346,39.0175,-100.377,-59.6092,62.9306
89,e-,1.38492,39.0175,-100.377,-59.6092,62.9306
89,e-,0.0182121,39.0175,-100.377,-59.6092,62.9306
89,e-,7.93809,39.0175,-100.377,-59.6092,62.9306
89,gamma,0.32627,38.9805,-100.351,-59.6145,62.9321
89,e-,0.03558,38.9805,-100.351,-59.6145,62.9321
89,e-,0.0328,38.9805,-100.351,-59.6145,62.9321
89,e-,0.05329,38.9805,-100.351,-59.6145,62.9321
89,e-,0.03659,38.9805,-100.351,-59.6145,62.9321
89,e-,0.03638,38.9805,-100.351,-59.6145,62.9321
89,e-,0.01332,38.9805,-100.351,-59.6145,62.9321
89,e-,0.113066,38.9805,-100.351,-59.6145,62.9321
89,e-,0.162124,38.9805,-100.351,-59.6145,62.9321
89,e-,0.12936,38.9805,-100.351,-59.6145,62.9321
89,e-,0.09542,38.9805,-100.351,-59.6145,62.9321
89,e-,1.72424,38.9805,-100.351,-59.6145,62.9321
89,e-,0.0674021,38.9805,-100.351,-59.6145,62.9321
89,e-,0.734158,38.9805,-100.351,-59.6145,62.9321
89,e-,4.11577,38.9804,-100.351,-59.6145,62.9321
89,e-,50.5482,38.9804,-100.351,-59.6146,62.9321
89,e-,17.026,38.9804,-100.351,-59.6146,62.9321
89,e-,7.06264,39.0178,-100.377,-59.6092,62.9306
89,e-,70.0002,39.0183,-100.378,-59.609,62.9307
89,e-,50.5924,39.0187,-100.378,-59.6093,62.9307
89,e-,37.4206,39.0184,-100.378,-59.6092,62.9307
89,e-,35.1389,39.0184,-100.378,-59.6092,62.9307
89,e-,51.0785,39.0185,-100.379,-59.6092,62.9307
89,e-,5.62466,39.0185,-100.379,-59.6092,62.9307
89,e-,0.05607,39.0114,-100.369,-59.6343,62.9297
89,e-,0.0161,39.0114,-100.369,-59.6343,62.9297
89,e-,0.09542,39.0114,-100.369,-59.6343,62.9297
89,e-,0.0214054,39.0114,-100.369,-59.6343,62.9297
89,e-,0.212015,39.0114,-100.369,-59.6343,62.9297
89,e-,0.06877,39.0114,-100.369,-59.6343,62.9297
89,e-,22.3784,39.0117,-100.37,-59.6349,62.9298
89,e-,73.7024,39.0112,-100.372,-59.636,62.9298
89,e-,90.7879,39.0126,-100.371,-59.6363,62.9299
89,e-,98.6599,39.012,-100.371,-59.6368,62.9299
89,e-,47.6741,39.0119,-100.371,-59.6365,62.93
89,e-,34.9197,39.0117,-100.371,-59.6365,62.93
89,e-,89.4145,39.0116,-100.371,-59.6364,62.93
89,Pb206,3.22597,38.7704,-99.9775,-59.5353,62.914
89,Pb208,10.856,96.5665,-26.8382,26.4364,162.619
89,Pb206,9.09236,27.4949,-96.5245,-55.9874,75.401
89,Pb206,15.2292,35.072,-100.042,-62.3449,68.2845
89,Pb208,20.1842,34.1662,-98.4595,-63.1365,66.946
89,Pb208,17.0753,38.9425,-99.887,-59.2681,62.744
89,Pb208,1.62307,38.6602,-99.6108,-59.119,62.529
90,Pb206,0.16648,46.2322,90.2421,87.4255,174.908
90,Pb207,5.42739,43.8799,93.4568,86.2429,172.72
90,Pb208,14.3149,43.5153,93.5899,85.7272,172.381
90,Pb207,19.8329,47.8399,89.572,79.1157,167.742
90,Pb208,23.9986,-97.8903,-29.8823,70.6817,69.5183
90,Pb208,8.25958,-95.8519,-30.3636,75.8238,66.6447
90,Pb208,34.2606,-96.4982,-32.0341,77.3715,65.4221
95,Pb208,2.29769,-13.1963,100.965,22.6573,54.214
95,Pb208,34.3113,-13.0983,101.398,22.9064,53.9506
95,Pb208,1.36623,-14.096,99.9733,22.9746,53.0591
95,Pb208,4.9813,-14.1944,99.7071,23.069,52.9045
96,Pb208,0.2909,82.8393,-60.7835,-88.7692,69.5277
97,Pb208,23.115,83.9151,-55.0404,-6.71827,166.425
97,Pb208,2.52164,-53.6819,-85.3127,-97.3821,79.9436
97,Pb208,4.24585,-55.8504,-87.6709,-99.2654,78.0266
97,Pb206,19.5966,-57.5764,-88.6061,-99.1294,77.0126
97,Pb206,1.23281,-56.4746,-89.7305,-93.4717,74.0024
97,Pb208,2.47613,-56.3484,-88.5812,-83.6366,68.9248
97,Pb208,2.04261,-54.6157,-87.5723,-80.5269,67.0305
